Año,Equipo,ELO
1928/1929,Arenas de Getxo,1454.04
1928/1929,Espanyol,1464.42
1928/1929,Real Madrid,1568.82
1928/1929,Real Sociedad,1499.37
1928/1929,Real Racing,1416.18
1928/1929,Barcelona,1622.07
1928/1929,Athletic,1525.59
1928/1929,Atlético,1512.89
1928/1929,Real Unión,1448.13
1928/1929,CE Europa,1488.49
1929/1930,Arenas de Getxo,1560.69
1929/1930,Espanyol,1557.96
1929/1930,Real Madrid,1526.03
1929/1930,Real Sociedad,1449.78
1929/1930,Real Racing,1378.01
1929/1930,Barcelona,1564.48
1929/1930,Athletic,1708.61
1929/1930,Atlético,1398.66
1929/1930,Real Unión,1440.43
1929/1930,CE Europa,1415.35
1930/1931,Arenas de Getxo,1509.46
1930/1931,Espanyol,1444.11
1930/1931,Real Madrid,1522.2
1930/1931,Real Sociedad,1510.08
1930/1931,Real Racing,1562.58
1930/1931,Barcelona,1584.69
1930/1931,Athletic,1684.37
1930/1931,Atlético,1373.66
1930/1931,Real Unión,1469.83
1930/1931,CE Europa,1399.21
1930/1931,Alavés,1414.81
1931/1932,Arenas de Getxo,1498.88
1931/1932,Espanyol,1456.03
1931/1932,Real Madrid,1654.78
1931/1932,Real Sociedad,1485.08
1931/1932,Real Racing,1554.54
1931/1932,Barcelona,1620.41
1931/1932,Athletic,1687.71
1931/1932,Atlético,1348.66
1931/1932,Real Unión,1382.25
1931/1932,CE Europa,1374.21
1931/1932,Alavés,1375.5
1931/1932,Donostia FC,1485.28
1931/1932,Valencia,1476.67
1932/1933,Arenas de Getxo,1529.79
1932/1933,Espanyol,1498.41
1932/1933,Real Madrid,1727.42
1932/1933,Real Sociedad,1460.08
1932/1933,Real Racing,1478.37
1932/1933,Barcelona,1579.83
1932/1933,Athletic,1717.8
1932/1933,Atlético,1323.66
1932/1933,Real Unión,1357.25
1932/1933,CE Europa,1349.21
1932/1933,Alavés,1370.21
1932/1933,Donostia FC,1490.63
1932/1933,Valencia,1429.69
1932/1933,Betis,1487.65
1933/1934,Arenas de Getxo,1384.35
1933/1934,Espanyol,1524.55
1933/1934,Real Madrid,1707.43
1933/1934,Real Sociedad,1435.08
1933/1934,Real Racing,1535.17
1933/1934,Barcelona,1543.82
1933/1934,Athletic,1721.6
1933/1934,Atlético,1298.66
1933/1934,Real Unión,1332.25
1933/1934,CE Europa,1324.21
1933/1934,Alavés,1345.21
1933/1934,Donostia FC,1501.65
1933/1934,Valencia,1459.09
1933/1934,Betis,1518.11
1933/1934,Real Oviedo,1543.82
1934/1935,Arenas de Getxo,1278.3
1934/1935,Espanyol,1460.77
1934/1935,Real Madrid,1705.34
1934/1935,Real Sociedad,1410.08
1934/1935,Real Racing,1476.94
1934/1935,Barcelona,1605.75
1934/1935,Athletic,1627.9
1934/1935,Atlético,1444.42
1934/1935,Real Unión,1307.25
1934/1935,CE Europa,1299.21
1934/1935,Alavés,1320.21
1934/1935,Donostia FC,1313.52
1934/1935,Valencia,1483.44
1934/1935,Betis,1650.61
1934/1935,Real Oviedo,1592.18
1934/1935,Sevilla,1599.08
1935/1936,Arenas de Getxo,1253.3
1935/1936,Espanyol,1454.76
1935/1936,Real Madrid,1700.66
1935/1936,Real Sociedad,1385.08
1935/1936,Real Racing,1589.45
1935/1936,Barcelona,1587.71
1935/1936,Athletic,1699.21
1935/1936,Atlético,1474.36
1935/1936,Real Unión,1282.25
1935/1936,CE Europa,1274.21
1935/1936,Alavés,1295.21
1935/1936,Donostia FC,1288.52
1935/1936,Valencia,1495.25
1935/1936,Betis,1514.22
1935/1936,Real Oviedo,1641.17
1935/1936,Sevilla,1498.02
1935/1936,Hércules CF,1531.14
1935/1936,Osasuna,1460.48
1939/1940,Betis,1395.57
1939/1940,Athletic,1594.98
1939/1940,Real Madrid,1553.89
1939/1940,Zaragoza,1449.26
1939/1940,Hércules CF,1526.95
1939/1940,Barcelona,1461.85
1939/1940,Real Racing,1378.16
1939/1940,Celta,1474.27
1939/1940,Sevilla,1579.78
1939/1940,Valencia,1512.76
1939/1940,Atlético,1609.73
1939/1940,Espanyol,1462.8
1940/1941,Betis,1370.57
1940/1941,Athletic,1700.12
1940/1941,Real Madrid,1566.85
1940/1941,Zaragoza,1391.98
1940/1941,Hércules CF,1342.62
1940/1941,Barcelona,1609.87
1940/1941,Real Racing,1353.16
1940/1941,Celta,1430.46
1940/1941,Sevilla,1589.13
1940/1941,Valencia,1609.94
1940/1941,Atlético,1725.04
1940/1941,Espanyol,1473.29
1940/1941,Real Murcia,1390.4
1940/1941,Real Oviedo,1396.57
1941/1942,Betis,1345.57
1941/1942,Athletic,1601.63
1941/1942,Real Madrid,1648.71
1941/1942,Zaragoza,1366.98
1941/1942,Hércules CF,1346.46
1941/1942,Barcelona,1533.77
1941/1942,Real Racing,1328.16
1941/1942,Celta,1491.78
1941/1942,Sevilla,1540.53
1941/1942,Valencia,1763.67
1941/1942,Atlético,1575.28
1941/1942,Espanyol,1497.64
1941/1942,Real Murcia,1365.4
1941/1942,Real Oviedo,1488.56
1941/1942,Granada,1597.65
1941/1942,Deportivo,1532.23
1941/1942,Real Sociedad,1308.84
1941/1942,CD Castellón,1517.14
1942/1943,Betis,1269.52
1942/1943,Athletic,1672.13
1942/1943,Real Madrid,1568.51
1942/1943,Zaragoza,1330.77
1942/1943,Hércules CF,1321.46
1942/1943,Barcelona,1681.26
1942/1943,Real Racing,1303.16
1942/1943,Celta,1600.72
1942/1943,Sevilla,1633.26
1942/1943,Valencia,1556.09
1942/1943,Atlético,1580.32
1942/1943,Espanyol,1480.03
1942/1943,Real Murcia,1340.4
1942/1943,Real Oviedo,1517.82
1942/1943,Granada,1518.06
1942/1943,Deportivo,1559.41
1942/1943,Real Sociedad,1283.84
1942/1943,CD Castellón,1533.24
1943/1944,Betis,1244.52
1943/1944,Athletic,1530.99
1943/1944,Real Madrid,1603.49
1943/1944,Zaragoza,1305.77
1943/1944,Hércules CF,1296.46
1943/1944,Barcelona,1578.29
1943/1944,Real Racing,1278.16
1943/1944,Celta,1320.56
1943/1944,Sevilla,1640.36
1943/1944,Valencia,1731.44
1943/1944,Atlético,1648.41
1943/1944,Espanyol,1539.94
1943/1944,Real Murcia,1315.4
1943/1944,Real Oviedo,1619.85
1943/1944,Granada,1550.71
1943/1944,Deportivo,1410.11
1943/1944,Real Sociedad,1358.76
1943/1944,CD Castellón,1594.14
1943/1944,CE Sabadell,1557.64
1944/1945,Betis,1219.52
1944/1945,Athletic,1607.16
1944/1945,Real Madrid,1735.37
1944/1945,Zaragoza,1280.77
1944/1945,Hércules CF,1271.46
1944/1945,Barcelona,1724.63
1944/1945,Real Racing,1253.16
1944/1945,Celta,1295.56
1944/1945,Sevilla,1540.95
1944/1945,Valencia,1680.02
1944/1945,Atlético,1636.82
1944/1945,Espanyol,1566.86
1944/1945,Real Murcia,1406.33
1944/1945,Real Oviedo,1585.99
1944/1945,Granada,1486.03
1944/1945,Deportivo,1392.14
1944/1945,Real Sociedad,1333.76
1944/1945,CD Castellón,1478.95
1944/1945,CE Sabadell,1396.57
1944/1945,Sporting,1582.95
1945/1946,Betis,1194.52
1945/1946,Athletic,1623.27
1945/1946,Real Madrid,1652.97
1945/1946,Zaragoza,1255.77
1945/1946,Hércules CF,1315.27
1945/1946,Barcelona,1704.73
1945/1946,Real Racing,1228.16
1945/1946,Celta,1481.93
1945/1946,Sevilla,1664.67
1945/1946,Valencia,1587.41
1945/1946,Atlético,1611.83
1945/1946,Espanyol,1506.42
1945/1946,Real Murcia,1437.59
1945/1946,Real Oviedo,1575.1
1945/1946,Granada,1461.03
1945/1946,Deportivo,1367.14
1945/1946,Real Sociedad,1308.76
1945/1946,CD Castellón,1509.86
1945/1946,CE Sabadell,1371.57
1945/1946,Sporting,1505.96
1945/1946,CD Alcoyano,1436.04
1946/1947,Betis,1169.52
1946/1947,Athletic,1688.22
1946/1947,Real Madrid,1564.99
1946/1947,Zaragoza,1230.77
1946/1947,Hércules CF,1290.27
1946/1947,Barcelona,1618.39
1946/1947,Real Racing,1203.16
1946/1947,Celta,1520.24
1946/1947,Sevilla,1589.23
1946/1947,Valencia,1691.49
1946/1947,Atlético,1602.93
1946/1947,Espanyol,1475.29
1946/1947,Real Murcia,1397.69
1946/1947,Real Oviedo,1616.02
1946/1947,Granada,1436.03
1946/1947,Deportivo,1381.63
1946/1947,Real Sociedad,1283.76
1946/1947,CD Castellón,1346.86
1946/1947,CE Sabadell,1578.18
1946/1947,Sporting,1529.29
1946/1947,CD Alcoyano,1411.04
1947/1948,Betis,1144.52
1947/1948,Athletic,1602.16
1947/1948,Real Madrid,1485.02
1947/1948,Zaragoza,1205.77
1947/1948,Hércules CF,1265.27
1947/1948,Barcelona,1757.59
1947/1948,Real Racing,1178.16
1947/1948,Celta,1613.43
1947/1948,Sevilla,1547.73
1947/1948,Valencia,1665.67
1947/1948,Atlético,1665.65
1947/1948,Espanyol,1500.04
1947/1948,Real Murcia,1372.69
1947/1948,Real Oviedo,1527.42
1947/1948,Granada,1411.03
1947/1948,Deportivo,1356.63
1947/1948,Real Sociedad,1434.55
1947/1948,CD Castellón,1321.86
1947/1948,CE Sabadell,1453.66
1947/1948,Sporting,1407.27
1947/1948,CD Alcoyano,1476.78
1947/1948,Gimnàstic de Tarragona,1532.1
1948/1949,Betis,1119.52
1948/1949,Athletic,1550.42
1948/1949,Real Madrid,1621.05
1948/1949,Zaragoza,1180.77
1948/1949,Hércules CF,1240.27
1948/1949,Barcelona,1739.44
1948/1949,Real Racing,1153.16
1948/1949,Celta,1502.19
1948/1949,Sevilla,1522.01
1948/1949,Valencia,1709.29
1948/1949,Atlético,1670.31
1948/1949,Espanyol,1505.6
1948/1949,Real Murcia,1347.69
1948/1949,Real Oviedo,1631.62
1948/1949,Granada,1386.03
1948/1949,Deportivo,1509.29
1948/1949,Real Sociedad,1409.55
1948/1949,CD Castellón,1296.86
1948/1949,CE Sabadell,1356.0
1948/1949,Sporting,1382.27
1948/1949,CD Alcoyano,1443.95
1948/1949,Gimnàstic de Tarragona,1454.82
1948/1949,Valladolid,1467.89
1949/1950,Betis,1094.52
1949/1950,Athletic,1561.36
1949/1950,Real Madrid,1590.3
1949/1950,Zaragoza,1155.77
1949/1950,Hércules CF,1215.27
1949/1950,Barcelona,1643.77
1949/1950,Real Racing,1128.16
1949/1950,Celta,1556.14
1949/1950,Sevilla,1555.8
1949/1950,Valencia,1720.13
1949/1950,Atlético,1715.78
1949/1950,Espanyol,1458.92
1949/1950,Real Murcia,1322.69
1949/1950,Real Oviedo,1425.85
1949/1950,Granada,1361.03
1949/1950,Deportivo,1633.55
1949/1950,Real Sociedad,1582.99
1949/1950,CD Castellón,1271.86
1949/1950,CE Sabadell,1331.0
1949/1950,Sporting,1357.27
1949/1950,CD Alcoyano,1418.95
1949/1950,Gimnàstic de Tarragona,1352.8
1949/1950,Valladolid,1479.65
1949/1950,Málaga,1516.44
1950/1951,Betis,1069.52
1950/1951,Athletic,1625.82
1950/1951,Real Madrid,1539.54
1950/1951,Zaragoza,1130.77
1950/1951,Hércules CF,1190.27
1950/1951,Barcelona,1588.14
1950/1951,Real Racing,1389.74
1950/1951,Celta,1566.76
1950/1951,Sevilla,1642.29
1950/1951,Valencia,1658.16
1950/1951,Atlético,1703.88
1950/1951,Espanyol,1559.75
1950/1951,Real Murcia,1333.76
1950/1951,Real Oviedo,1400.85
1950/1951,Granada,1336.03
1950/1951,Deportivo,1602.31
1950/1951,Real Sociedad,1593.78
1950/1951,CD Castellón,1246.86
1950/1951,CE Sabadell,1306.0
1950/1951,Sporting,1332.27
1950/1951,CD Alcoyano,1299.12
1950/1951,Gimnàstic de Tarragona,1327.8
1950/1951,Valladolid,1493.39
1950/1951,Málaga,1507.56
1950/1951,UE Lleida,1280.63
1951/1952,Betis,1044.52
1951/1952,Athletic,1680.54
1951/1952,Real Madrid,1608.59
1951/1952,Zaragoza,1382.13
1951/1952,Hércules CF,1165.27
1951/1952,Barcelona,1717.19
1951/1952,Real Racing,1447.66
1951/1952,Celta,1528.04
1951/1952,Sevilla,1585.21
1951/1952,Valencia,1597.95
1951/1952,Atlético,1593.18
1951/1952,Espanyol,1557.61
1951/1952,Real Murcia,1308.76
1951/1952,Real Oviedo,1375.85
1951/1952,Granada,1311.03
1951/1952,Deportivo,1440.13
1951/1952,Real Sociedad,1543.29
1951/1952,CD Castellón,1221.86
1951/1952,CE Sabadell,1281.0
1951/1952,Sporting,1424.68
1951/1952,CD Alcoyano,1274.12
1951/1952,Gimnàstic de Tarragona,1302.8
1951/1952,Valladolid,1541.52
1951/1952,Málaga,1482.56
1951/1952,UE Lleida,1255.63
1951/1952,Atlético Tetuán,1388.93
1951/1952,Las Palmas,1389.95
1952/1953,Betis,1019.52
1952/1953,Athletic,1642.68
1952/1953,Real Madrid,1635.67
1952/1953,Zaragoza,1391.42
1952/1953,Hércules CF,1140.27
1952/1953,Barcelona,1751.2
1952/1953,Real Racing,1461.94
1952/1953,Celta,1500.85
1952/1953,Sevilla,1566.27
1952/1953,Valencia,1660.14
1952/1953,Atlético,1529.68
1952/1953,Espanyol,1554.36
1952/1953,Real Murcia,1283.76
1952/1953,Real Oviedo,1470.85
1952/1953,Granada,1286.03
1952/1953,Deportivo,1386.19
1952/1953,Real Sociedad,1481.64
1952/1953,CD Castellón,1196.86
1952/1953,CE Sabadell,1256.0
1952/1953,Sporting,1489.25
1952/1953,CD Alcoyano,1249.12
1952/1953,Gimnàstic de Tarragona,1277.8
1952/1953,Valladolid,1501.93
1952/1953,Málaga,1482.06
1952/1953,UE Lleida,1230.63
1952/1953,Atlético Tetuán,1363.93
1952/1953,Las Palmas,1364.95
1953/1954,Betis,994.52
1953/1954,Athletic,1566.87
1953/1954,Real Madrid,1680.0
1953/1954,Zaragoza,1366.42
1953/1954,Hércules CF,1115.27
1953/1954,Barcelona,1661.78
1953/1954,Real Racing,1483.45
1953/1954,Celta,1561.98
1953/1954,Sevilla,1542.88
1953/1954,Valencia,1588.25
1953/1954,Atlético,1619.84
1953/1954,Espanyol,1623.55
1953/1954,Real Murcia,1258.76
1953/1954,Real Oviedo,1449.09
1953/1954,Granada,1261.03
1953/1954,Deportivo,1504.8
1953/1954,Real Sociedad,1480.82
1953/1954,CD Castellón,1171.86
1953/1954,CE Sabadell,1231.0
1953/1954,Sporting,1344.15
1953/1954,CD Alcoyano,1224.12
1953/1954,Gimnàstic de Tarragona,1252.8
1953/1954,Valladolid,1471.46
1953/1954,Málaga,1457.06
1953/1954,UE Lleida,1205.63
1953/1954,Atlético Tetuán,1338.93
1953/1954,Las Palmas,1339.95
1953/1954,Real Jaén,1544.63
1953/1954,Osasuna,1509.1
1954/1955,Betis,969.52
1954/1955,Athletic,1657.16
1954/1955,Real Madrid,1757.09
1954/1955,Zaragoza,1341.42
1954/1955,Hércules CF,1428.09
1954/1955,Barcelona,1681.97
1954/1955,Real Racing,1350.86
1954/1955,Celta,1471.5
1954/1955,Sevilla,1558.42
1954/1955,Valencia,1527.53
1954/1955,Atlético,1546.77
1954/1955,Espanyol,1510.08
1954/1955,Real Murcia,1233.76
1954/1955,Real Oviedo,1424.09
1954/1955,Granada,1236.03
1954/1955,Deportivo,1508.86
1954/1955,Real Sociedad,1446.93
1954/1955,CD Castellón,1146.86
1954/1955,CE Sabadell,1206.0
1954/1955,Sporting,1319.15
1954/1955,CD Alcoyano,1199.12
1954/1955,Gimnàstic de Tarragona,1227.8
1954/1955,Valladolid,1450.06
1954/1955,Málaga,1369.77
1954/1955,UE Lleida,1180.63
1954/1955,Atlético Tetuán,1313.93
1954/1955,Las Palmas,1417.78
1954/1955,Real Jaén,1519.63
1954/1955,Osasuna,1484.1
1954/1955,Alavés,1515.09
1955/1956,Betis,944.52
1955/1956,Athletic,1763.26
1955/1956,Real Madrid,1691.5
1955/1956,Zaragoza,1316.42
1955/1956,Hércules CF,1311.96
1955/1956,Barcelona,1746.39
1955/1956,Real Racing,1325.86
1955/1956,Celta,1439.62
1955/1956,Sevilla,1628.56
1955/1956,Valencia,1544.65
1955/1956,Atlético,1578.33
1955/1956,Espanyol,1506.51
1955/1956,Real Murcia,1415.65
1955/1956,Real Oviedo,1399.09
1955/1956,Granada,1211.03
1955/1956,Deportivo,1464.06
1955/1956,Real Sociedad,1471.52
1955/1956,CD Castellón,1121.86
1955/1956,CE Sabadell,1181.0
1955/1956,Sporting,1294.15
1955/1956,CD Alcoyano,1174.12
1955/1956,Gimnàstic de Tarragona,1202.8
1955/1956,Valladolid,1496.34
1955/1956,Málaga,1344.77
1955/1956,UE Lleida,1155.63
1955/1956,Atlético Tetuán,1288.93
1955/1956,Las Palmas,1420.78
1955/1956,Real Jaén,1494.63
1955/1956,Osasuna,1459.1
1955/1956,Alavés,1400.92
1955/1956,CyD Leonesa,1331.04
1956/1957,Betis,919.52
1956/1957,Athletic,1604.4
1956/1957,Real Madrid,1707.72
1956/1957,Zaragoza,1434.66
1956/1957,Hércules CF,1286.96
1956/1957,Barcelona,1704.19
1956/1957,Real Racing,1300.86
1956/1957,Celta,1444.34
1956/1957,Sevilla,1630.75
1956/1957,Valencia,1498.3
1956/1957,Atlético,1595.03
1956/1957,Espanyol,1529.87
1956/1957,Real Murcia,1390.65
1956/1957,Real Oviedo,1374.09
1956/1957,Granada,1186.03
1956/1957,Deportivo,1488.79
1956/1957,Real Sociedad,1508.85
1956/1957,CD Castellón,1096.86
1956/1957,CE Sabadell,1156.0
1956/1957,Sporting,1269.15
1956/1957,CD Alcoyano,1149.12
1956/1957,Gimnàstic de Tarragona,1177.8
1956/1957,Valladolid,1466.79
1956/1957,Málaga,1319.77
1956/1957,UE Lleida,1130.63
1956/1957,Atlético Tetuán,1263.93
1956/1957,Las Palmas,1427.08
1956/1957,Real Jaén,1506.98
1956/1957,Osasuna,1528.01
1956/1957,Alavés,1375.92
1956/1957,CyD Leonesa,1306.04
1956/1957,CD Condal,1445.91
1957/1958,Betis,894.52
1957/1958,Athletic,1535.55
1957/1958,Real Madrid,1750.62
1957/1958,Zaragoza,1430.59
1957/1958,Hércules CF,1261.96
1957/1958,Barcelona,1621.45
1957/1958,Real Racing,1275.86
1957/1958,Celta,1483.99
1957/1958,Sevilla,1521.55
1957/1958,Valencia,1619.81
1957/1958,Atlético,1652.17
1957/1958,Espanyol,1485.13
1957/1958,Real Murcia,1365.65
1957/1958,Real Oviedo,1349.09
1957/1958,Granada,1358.42
1957/1958,Deportivo,1463.79
1957/1958,Real Sociedad,1446.51
1957/1958,CD Castellón,1071.86
1957/1958,CE Sabadell,1131.0
1957/1958,Sporting,1378.07
1957/1958,CD Alcoyano,1124.12
1957/1958,Gimnàstic de Tarragona,1152.8
1957/1958,Valladolid,1414.13
1957/1958,Málaga,1294.77
1957/1958,UE Lleida,1105.63
1957/1958,Atlético Tetuán,1238.93
1957/1958,Las Palmas,1421.66
1957/1958,Real Jaén,1351.71
1957/1958,Osasuna,1570.79
1957/1958,Alavés,1350.92
1957/1958,CyD Leonesa,1281.04
1957/1958,CD Condal,1420.91
1958/1959,Betis,1334.49
1958/1959,Athletic,1579.37
1958/1959,Real Madrid,1725.46
1958/1959,Zaragoza,1447.94
1958/1959,Hércules CF,1236.96
1958/1959,Barcelona,1795.39
1958/1959,Real Racing,1250.86
1958/1959,Celta,1271.89
1958/1959,Sevilla,1466.5
1958/1959,Valencia,1524.57
1958/1959,Atlético,1528.7
1958/1959,Espanyol,1467.39
1958/1959,Real Murcia,1340.65
1958/1959,Real Oviedo,1388.59
1958/1959,Granada,1391.19
1958/1959,Deportivo,1438.79
1958/1959,Real Sociedad,1450.56
1958/1959,CD Castellón,1046.86
1958/1959,CE Sabadell,1106.0
1958/1959,Sporting,1274.84
1958/1959,CD Alcoyano,1099.12
1958/1959,Gimnàstic de Tarragona,1127.8
1958/1959,Valladolid,1389.13
1958/1959,Málaga,1269.77
1958/1959,UE Lleida,1080.63
1958/1959,Atlético Tetuán,1213.93
1958/1959,Las Palmas,1365.39
1958/1959,Real Jaén,1326.71
1958/1959,Osasuna,1507.65
1958/1959,Alavés,1325.92
1958/1959,CyD Leonesa,1256.04
1958/1959,CD Condal,1395.91
1959/1960,Betis,1453.92
1959/1960,Athletic,1601.09
1959/1960,Real Madrid,1731.9
1959/1960,Zaragoza,1428.26
1959/1960,Hércules CF,1211.96
1959/1960,Barcelona,1772.83
1959/1960,Real Racing,1225.86
1959/1960,Celta,1246.89
1959/1960,Sevilla,1618.75
1959/1960,Valencia,1505.94
1959/1960,Atlético,1572.4
1959/1960,Espanyol,1501.51
1959/1960,Real Murcia,1315.65
1959/1960,Real Oviedo,1491.2
1959/1960,Granada,1404.94
1959/1960,Deportivo,1413.79
1959/1960,Real Sociedad,1369.13
1959/1960,CD Castellón,1021.86
1959/1960,CE Sabadell,1081.0
1959/1960,Sporting,1249.84
1959/1960,CD Alcoyano,1074.12
1959/1960,Gimnàstic de Tarragona,1102.8
1959/1960,Valladolid,1382.77
1959/1960,Málaga,1244.77
1959/1960,UE Lleida,1055.63
1959/1960,Atlético Tetuán,1188.93
1959/1960,Las Palmas,1257.21
1959/1960,Real Jaén,1301.71
1959/1960,Osasuna,1358.19
1959/1960,Alavés,1300.92
1959/1960,CyD Leonesa,1231.04
1959/1960,CD Condal,1370.91
1959/1960,Elche,1412.28
1960/1961,Betis,1509.5
1960/1961,Athletic,1478.12
1960/1961,Real Madrid,1811.84
1960/1961,Zaragoza,1518.88
1960/1961,Hércules CF,1186.96
1960/1961,Barcelona,1568.8
1960/1961,Real Racing,1382.23
1960/1961,Celta,1221.89
1960/1961,Sevilla,1474.11
1960/1961,Valencia,1503.95
1960/1961,Atlético,1611.4
1960/1961,Espanyol,1475.59
1960/1961,Real Murcia,1290.65
1960/1961,Real Oviedo,1467.72
1960/1961,Granada,1341.14
1960/1961,Deportivo,1388.79
1960/1961,Real Sociedad,1454.16
1960/1961,CD Castellón,996.86
1960/1961,CE Sabadell,1056.0
1960/1961,Sporting,1224.84
1960/1961,CD Alcoyano,1049.12
1960/1961,Gimnàstic de Tarragona,1077.8
1960/1961,Valladolid,1425.92
1960/1961,Málaga,1219.77
1960/1961,UE Lleida,1030.63
1960/1961,Atlético Tetuán,1163.93
1960/1961,Las Palmas,1232.21
1960/1961,Real Jaén,1276.71
1960/1961,Osasuna,1333.19
1960/1961,Alavés,1275.92
1960/1961,CyD Leonesa,1206.04
1960/1961,CD Condal,1345.91
1960/1961,Elche,1438.41
1960/1961,Mallorca,1511.01
1961/1962,Betis,1430.52
1961/1962,Athletic,1594.81
1961/1962,Real Madrid,1712.55
1961/1962,Zaragoza,1542.65
1961/1962,Hércules CF,1161.96
1961/1962,Barcelona,1680.4
1961/1962,Real Racing,1421.52
1961/1962,Celta,1196.89
1961/1962,Sevilla,1484.57
1961/1962,Valencia,1493.98
1961/1962,Atlético,1574.19
1961/1962,Espanyol,1479.99
1961/1962,Real Murcia,1265.65
1961/1962,Real Oviedo,1432.64
1961/1962,Granada,1316.14
1961/1962,Deportivo,1363.79
1961/1962,Real Sociedad,1450.74
1961/1962,CD Castellón,971.86
1961/1962,CE Sabadell,1031.0
1961/1962,Sporting,1199.84
1961/1962,CD Alcoyano,1024.12
1961/1962,Gimnàstic de Tarragona,1052.8
1961/1962,Valladolid,1400.92
1961/1962,Málaga,1194.77
1961/1962,UE Lleida,1005.63
1961/1962,Atlético Tetuán,1138.93
1961/1962,Las Palmas,1207.21
1961/1962,Real Jaén,1251.71
1961/1962,Osasuna,1439.71
1961/1962,Alavés,1250.92
1961/1962,CyD Leonesa,1181.04
1961/1962,CD Condal,1320.91
1961/1962,Elche,1483.03
1961/1962,Mallorca,1423.9
1961/1962,Tenerife,1393.71
1962/1963,Betis,1464.2
1962/1963,Athletic,1504.11
1962/1963,Real Madrid,1758.65
1962/1963,Zaragoza,1540.94
1962/1963,Hércules CF,1136.96
1962/1963,Barcelona,1530.75
1962/1963,Real Racing,1396.52
1962/1963,Celta,1171.89
1962/1963,Sevilla,1427.68
1962/1963,Valencia,1499.22
1962/1963,Atlético,1591.11
1962/1963,Espanyol,1454.99
1962/1963,Real Murcia,1240.65
1962/1963,Real Oviedo,1482.75
1962/1963,Granada,1291.14
1962/1963,Deportivo,1419.77
1962/1963,Real Sociedad,1425.74
1962/1963,CD Castellón,946.86
1962/1963,CE Sabadell,1006.0
1962/1963,Sporting,1174.84
1962/1963,CD Alcoyano,999.12
1962/1963,Gimnàstic de Tarragona,1027.8
1962/1963,Valladolid,1419.98
1962/1963,Málaga,1267.77
1962/1963,UE Lleida,980.63
1962/1963,Atlético Tetuán,1113.93
1962/1963,Las Palmas,1182.21
1962/1963,Real Jaén,1226.71
1962/1963,Osasuna,1462.64
1962/1963,Alavés,1225.92
1962/1963,CyD Leonesa,1156.04
1962/1963,CD Condal,1295.91
1962/1963,Elche,1469.92
1962/1963,Mallorca,1450.6
1962/1963,Tenerife,1368.71
1962/1963,Córdoba,1462.34
1963/1964,Betis,1536.07
1963/1964,Athletic,1509.3
1963/1964,Real Madrid,1761.71
1963/1964,Zaragoza,1519.78
1963/1964,Hércules CF,1111.96
1963/1964,Barcelona,1637.81
1963/1964,Real Racing,1371.52
1963/1964,Celta,1146.89
1963/1964,Sevilla,1442.77
1963/1964,Valencia,1580.41
1963/1964,Atlético,1531.2
1963/1964,Espanyol,1448.62
1963/1964,Real Murcia,1367.66
1963/1964,Real Oviedo,1434.55
1963/1964,Granada,1266.14
1963/1964,Deportivo,1394.77
1963/1964,Real Sociedad,1400.74
1963/1964,CD Castellón,921.86
1963/1964,CE Sabadell,981.0
1963/1964,Sporting,1149.84
1963/1964,CD Alcoyano,974.12
1963/1964,Gimnàstic de Tarragona,1002.8
1963/1964,Valladolid,1342.06
1963/1964,Málaga,1242.77
1963/1964,UE Lleida,955.63
1963/1964,Atlético Tetuán,1088.93
1963/1964,Las Palmas,1157.21
1963/1964,Real Jaén,1201.71
1963/1964,Osasuna,1437.64
1963/1964,Alavés,1200.92
1963/1964,CyD Leonesa,1131.04
1963/1964,CD Condal,1270.91
1963/1964,Elche,1484.13
1963/1964,Mallorca,1425.6
1963/1964,Tenerife,1343.71
1963/1964,Córdoba,1456.69
1963/1964,Pontevedra CF,1378.74
1963/1964,Levante,1415.79
1964/1965,Betis,1408.53
1964/1965,Athletic,1507.8
1964/1965,Real Madrid,1761.5
1964/1965,Zaragoza,1593.47
1964/1965,Hércules CF,1086.96
1964/1965,Barcelona,1546.8
1964/1965,Real Racing,1346.52
1964/1965,Celta,1121.89
1964/1965,Sevilla,1389.58
1964/1965,Valencia,1606.1
1964/1965,Atlético,1629.9
1964/1965,Espanyol,1419.97
1964/1965,Real Murcia,1385.14
1964/1965,Real Oviedo,1364.46
1964/1965,Granada,1241.14
1964/1965,Deportivo,1303.75
1964/1965,Real Sociedad,1375.74
1964/1965,CD Castellón,896.86
1964/1965,CE Sabadell,956.0
1964/1965,Sporting,1124.84
1964/1965,CD Alcoyano,949.12
1964/1965,Gimnàstic de Tarragona,977.8
1964/1965,Valladolid,1317.06
1964/1965,Málaga,1217.77
1964/1965,UE Lleida,930.63
1964/1965,Atlético Tetuán,1063.93
1964/1965,Las Palmas,1370.52
1964/1965,Real Jaén,1176.71
1964/1965,Osasuna,1412.64
1964/1965,Alavés,1175.92
1964/1965,CyD Leonesa,1106.04
1964/1965,CD Condal,1245.91
1964/1965,Elche,1477.23
1964/1965,Mallorca,1400.6
1964/1965,Tenerife,1318.71
1964/1965,Córdoba,1526.55
1964/1965,Pontevedra CF,1353.74
1964/1965,Levante,1387.17
1965/1966,Betis,1352.35
1965/1966,Athletic,1502.24
1965/1966,Real Madrid,1687.5
1965/1966,Zaragoza,1575.57
1965/1966,Hércules CF,1061.96
1965/1966,Barcelona,1593.77
1965/1966,Real Racing,1321.52
1965/1966,Celta,1096.89
1965/1966,Sevilla,1417.84
1965/1966,Valencia,1439.42
1965/1966,Atlético,1667.59
1965/1966,Espanyol,1345.04
1965/1966,Real Murcia,1360.14
1965/1966,Real Oviedo,1339.46
1965/1966,Granada,1216.14
1965/1966,Deportivo,1278.75
1965/1966,Real Sociedad,1350.74
1965/1966,CD Castellón,871.86
1965/1966,CE Sabadell,1216.15
1965/1966,Sporting,1099.84
1965/1966,CD Alcoyano,924.12
1965/1966,Gimnàstic de Tarragona,952.8
1965/1966,Valladolid,1292.06
1965/1966,Málaga,1310.43
1965/1966,UE Lleida,905.63
1965/1966,Atlético Tetuán,1038.93
1965/1966,Las Palmas,1421.59
1965/1966,Real Jaén,1151.71
1965/1966,Osasuna,1387.64
1965/1966,Alavés,1150.92
1965/1966,CyD Leonesa,1081.04
1965/1966,CD Condal,1220.91
1965/1966,Elche,1471.62
1965/1966,Mallorca,1392.64
1965/1966,Tenerife,1293.71
1965/1966,Córdoba,1389.93
1965/1966,Pontevedra CF,1382.38
1965/1966,Levante,1362.17
1966/1967,Betis,1327.35
1966/1967,Athletic,1476.72
1966/1967,Real Madrid,1692.9
1966/1967,Zaragoza,1451.98
1966/1967,Hércules CF,1212.77
1966/1967,Barcelona,1591.31
1966/1967,Real Racing,1296.52
1966/1967,Celta,1071.89
1966/1967,Sevilla,1347.7
1966/1967,Valencia,1433.5
1966/1967,Atlético,1587.61
1966/1967,Espanyol,1455.53
1966/1967,Real Murcia,1335.14
1966/1967,Real Oviedo,1314.46
1966/1967,Granada,1282.2
1966/1967,Deportivo,1245.6
1966/1967,Real Sociedad,1325.74
1966/1967,CD Castellón,846.86
1966/1967,CE Sabadell,1381.99
1966/1967,Sporting,1074.84
1966/1967,CD Alcoyano,899.12
1966/1967,Gimnàstic de Tarragona,927.8
1966/1967,Valladolid,1267.06
1966/1967,Málaga,1285.43
1966/1967,UE Lleida,880.63
1966/1967,Atlético Tetuán,1013.93
1966/1967,Las Palmas,1400.21
1966/1967,Real Jaén,1126.71
1966/1967,Osasuna,1362.64
1966/1967,Alavés,1125.92
1966/1967,CyD Leonesa,1056.04
1966/1967,CD Condal,1195.91
1966/1967,Elche,1377.76
1966/1967,Mallorca,1367.64
1966/1967,Tenerife,1268.71
1966/1967,Córdoba,1341.89
1966/1967,Pontevedra CF,1387.82
1966/1967,Levante,1337.17
1967/1968,Betis,1276.51
1967/1968,Athletic,1493.83
1967/1968,Real Madrid,1611.42
1967/1968,Zaragoza,1501.27
1967/1968,Hércules CF,1187.77
1967/1968,Barcelona,1569.65
1967/1968,Real Racing,1271.52
1967/1968,Celta,1046.89
1967/1968,Sevilla,1302.21
1967/1968,Valencia,1494.49
1967/1968,Atlético,1448.85
1967/1968,Espanyol,1417.56
1967/1968,Real Murcia,1310.14
1967/1968,Real Oviedo,1289.46
1967/1968,Granada,1257.2
1967/1968,Deportivo,1220.6
1967/1968,Real Sociedad,1366.89
1967/1968,CD Castellón,821.86
1967/1968,CE Sabadell,1339.96
1967/1968,Sporting,1049.84
1967/1968,CD Alcoyano,874.12
1967/1968,Gimnàstic de Tarragona,902.8
1967/1968,Valladolid,1242.06
1967/1968,Málaga,1371.6
1967/1968,UE Lleida,855.63
1967/1968,Atlético Tetuán,988.93
1967/1968,Las Palmas,1523.49
1967/1968,Real Jaén,1101.71
1967/1968,Osasuna,1337.64
1967/1968,Alavés,1100.92
1967/1968,CyD Leonesa,1031.04
1967/1968,CD Condal,1170.91
1967/1968,Elche,1401.0
1967/1968,Mallorca,1342.64
1967/1968,Tenerife,1243.71
1967/1968,Córdoba,1331.95
1967/1968,Pontevedra CF,1414.76
1967/1968,Levante,1312.17
1968/1969,Betis,1251.51
1968/1969,Athletic,1408.41
1968/1969,Real Madrid,1624.49
1968/1969,Zaragoza,1442.14
1968/1969,Hércules CF,1162.77
1968/1969,Barcelona,1534.29
1968/1969,Real Racing,1246.52
1968/1969,Celta,1021.89
1968/1969,Sevilla,1277.21
1968/1969,Valencia,1421.55
1968/1969,Atlético,1440.37
1968/1969,Espanyol,1353.5
1968/1969,Real Murcia,1285.14
1968/1969,Real Oviedo,1264.46
1968/1969,Granada,1369.07
1968/1969,Deportivo,1374.69
1968/1969,Real Sociedad,1416.15
1968/1969,CD Castellón,796.86
1968/1969,CE Sabadell,1415.65
1968/1969,Sporting,1024.84
1968/1969,CD Alcoyano,849.12
1968/1969,Gimnàstic de Tarragona,877.8
1968/1969,Valladolid,1217.06
1968/1969,Málaga,1360.6
1968/1969,UE Lleida,830.63
1968/1969,Atlético Tetuán,963.93
1968/1969,Las Palmas,1495.7
1968/1969,Real Jaén,1076.71
1968/1969,Osasuna,1312.64
1968/1969,Alavés,1075.92
1968/1969,CyD Leonesa,1006.04
1968/1969,CD Condal,1145.91
1968/1969,Elche,1410.4
1968/1969,Mallorca,1317.64
1968/1969,Tenerife,1218.71
1968/1969,Córdoba,1310.71
1968/1969,Pontevedra CF,1386.8
1968/1969,Levante,1287.17
1969/1970,Betis,1226.51
1969/1970,Athletic,1535.43
1969/1970,Real Madrid,1459.78
1969/1970,Zaragoza,1384.04
1969/1970,Hércules CF,1137.77
1969/1970,Barcelona,1488.52
1969/1970,Real Racing,1221.52
1969/1970,Celta,1258.37
1969/1970,Sevilla,1420.44
1969/1970,Valencia,1486.32
1969/1970,Atlético,1569.02
1969/1970,Espanyol,1328.5
1969/1970,Real Murcia,1260.14
1969/1970,Real Oviedo,1239.46
1969/1970,Granada,1295.23
1969/1970,Deportivo,1359.84
1969/1970,Real Sociedad,1447.48
1969/1970,CD Castellón,771.86
1969/1970,CE Sabadell,1346.77
1969/1970,Sporting,999.84
1969/1970,CD Alcoyano,824.12
1969/1970,Gimnàstic de Tarragona,852.8
1969/1970,Valladolid,1192.06
1969/1970,Málaga,1335.6
1969/1970,UE Lleida,805.63
1969/1970,Atlético Tetuán,938.93
1969/1970,Las Palmas,1410.1
1969/1970,Real Jaén,1051.71
1969/1970,Osasuna,1287.64
1969/1970,Alavés,1050.92
1969/1970,CyD Leonesa,981.04
1969/1970,CD Condal,1120.91
1969/1970,Elche,1353.37
1969/1970,Mallorca,1295.78
1969/1970,Tenerife,1193.71
1969/1970,Córdoba,1285.71
1969/1970,Pontevedra CF,1245.96
1969/1970,Levante,1262.17
1970/1971,Betis,1201.51
1970/1971,Athletic,1443.07
1970/1971,Real Madrid,1520.48
1970/1971,Zaragoza,1210.94
1970/1971,Hércules CF,1112.77
1970/1971,Barcelona,1570.22
1970/1971,Real Racing,1196.52
1970/1971,Celta,1401.26
1970/1971,Sevilla,1344.18
1970/1971,Valencia,1550.92
1970/1971,Atlético,1583.05
1970/1971,Espanyol,1344.94
1970/1971,Real Murcia,1235.14
1970/1971,Real Oviedo,1214.46
1970/1971,Granada,1358.72
1970/1971,Deportivo,1334.84
1970/1971,Real Sociedad,1363.3
1970/1971,CD Castellón,746.86
1970/1971,CE Sabadell,1239.73
1970/1971,Sporting,1275.38
1970/1971,CD Alcoyano,799.12
1970/1971,Gimnàstic de Tarragona,827.8
1970/1971,Valladolid,1167.06
1970/1971,Málaga,1358.82
1970/1971,UE Lleida,780.63
1970/1971,Atlético Tetuán,913.93
1970/1971,Las Palmas,1305.63
1970/1971,Real Jaén,1026.71
1970/1971,Osasuna,1262.64
1970/1971,Alavés,1025.92
1970/1971,CyD Leonesa,956.04
1970/1971,CD Condal,1095.91
1970/1971,Elche,1248.17
1970/1971,Mallorca,1270.78
1970/1971,Tenerife,1168.71
1970/1971,Córdoba,1260.71
1970/1971,Pontevedra CF,1220.96
1970/1971,Levante,1237.17
1971/1972,Betis,1281.79
1971/1972,Athletic,1408.34
1971/1972,Real Madrid,1515.4
1971/1972,Zaragoza,1185.94
1971/1972,Hércules CF,1087.77
1971/1972,Barcelona,1509.14
1971/1972,Real Racing,1171.52
1971/1972,Celta,1395.58
1971/1972,Sevilla,1287.04
1971/1972,Valencia,1520.49
1971/1972,Atlético,1503.66
1971/1972,Espanyol,1361.03
1971/1972,Real Murcia,1210.14
1971/1972,Real Oviedo,1189.46
1971/1972,Granada,1430.79
1971/1972,Deportivo,1353.34
1971/1972,Real Sociedad,1370.38
1971/1972,CD Castellón,721.86
1971/1972,CE Sabadell,1237.63
1971/1972,Sporting,1372.35
1971/1972,CD Alcoyano,774.12
1971/1972,Gimnàstic de Tarragona,802.8
1971/1972,Valladolid,1142.06
1971/1972,Málaga,1367.11
1971/1972,UE Lleida,755.63
1971/1972,Atlético Tetuán,888.93
1971/1972,Las Palmas,1413.0
1971/1972,Real Jaén,1001.71
1971/1972,Osasuna,1237.64
1971/1972,Alavés,1000.92
1971/1972,CyD Leonesa,931.04
1971/1972,CD Condal,1070.91
1971/1972,Elche,1223.17
1971/1972,Mallorca,1245.78
1971/1972,Tenerife,1143.71
1971/1972,Córdoba,1283.06
1971/1972,Pontevedra CF,1195.96
1971/1972,Levante,1212.17
1971/1972,Burgos CF,1346.63
1972/1973,Betis,1291.38
1972/1973,Athletic,1366.72
1972/1973,Real Madrid,1454.46
1972/1973,Zaragoza,1313.39
1972/1973,Hércules CF,1062.77
1972/1973,Barcelona,1465.97
1972/1973,Real Racing,1146.52
1972/1973,Celta,1353.57
1972/1973,Sevilla,1262.04
1972/1973,Valencia,1395.97
1972/1973,Atlético,1520.72
1972/1973,Espanyol,1455.09
1972/1973,Real Murcia,1185.14
1972/1973,Real Oviedo,1277.31
1972/1973,Granada,1303.35
1972/1973,Deportivo,1249.45
1972/1973,Real Sociedad,1347.43
1972/1973,CD Castellón,1251.53
1972/1973,CE Sabadell,1212.63
1972/1973,Sporting,1301.78
1972/1973,CD Alcoyano,749.12
1972/1973,Gimnàstic de Tarragona,777.8
1972/1973,Valladolid,1117.06
1972/1973,Málaga,1330.73
1972/1973,UE Lleida,730.63
1972/1973,Atlético Tetuán,863.93
1972/1973,Las Palmas,1341.52
1972/1973,Real Jaén,976.71
1972/1973,Osasuna,1212.64
1972/1973,Alavés,975.92
1972/1973,CyD Leonesa,906.04
1972/1973,CD Condal,1045.91
1972/1973,Elche,1198.17
1972/1973,Mallorca,1220.78
1972/1973,Tenerife,1118.71
1972/1973,Córdoba,1258.06
1972/1973,Pontevedra CF,1170.96
1972/1973,Levante,1187.17
1972/1973,Burgos CF,1225.92
1973/1974,Betis,1266.38
1973/1974,Athletic,1341.98
1973/1974,Real Madrid,1398.77
1973/1974,Zaragoza,1417.65
1973/1974,Hércules CF,1037.77
1973/1974,Barcelona,1550.11
1973/1974,Real Racing,1219.17
1973/1974,Celta,1276.83
1973/1974,Sevilla,1237.04
1973/1974,Valencia,1356.88
1973/1974,Atlético,1461.72
1973/1974,Espanyol,1343.98
1973/1974,Real Murcia,1263.87
1973/1974,Real Oviedo,1194.83
1973/1974,Granada,1327.18
1973/1974,Deportivo,1224.45
1973/1974,Real Sociedad,1388.87
1973/1974,CD Castellón,1250.97
1973/1974,CE Sabadell,1187.63
1973/1974,Sporting,1297.42
1973/1974,CD Alcoyano,724.12
1973/1974,Gimnàstic de Tarragona,752.8
1973/1974,Valladolid,1092.06
1973/1974,Málaga,1312.32
1973/1974,UE Lleida,705.63
1973/1974,Atlético Tetuán,838.93
1973/1974,Las Palmas,1341.29
1973/1974,Real Jaén,951.71
1973/1974,Osasuna,1187.64
1973/1974,Alavés,950.92
1973/1974,CyD Leonesa,881.04
1973/1974,CD Condal,1020.91
1973/1974,Elche,1265.53
1973/1974,Mallorca,1195.78
1973/1974,Tenerife,1093.71
1973/1974,Córdoba,1233.06
1973/1974,Pontevedra CF,1145.96
1973/1974,Levante,1162.17
1973/1974,Burgos CF,1200.92
1974/1975,Betis,1292.02
1974/1975,Athletic,1358.18
1974/1975,Real Madrid,1472.45
1974/1975,Zaragoza,1380.1
1974/1975,Hércules CF,1306.84
1974/1975,Barcelona,1457.39
1974/1975,Real Racing,1194.17
1974/1975,Celta,1274.61
1974/1975,Sevilla,1212.04
1974/1975,Valencia,1332.08
1974/1975,Atlético,1420.06
1974/1975,Espanyol,1286.69
1974/1975,Real Murcia,1193.73
1974/1975,Real Oviedo,1169.83
1974/1975,Granada,1263.92
1974/1975,Deportivo,1199.45
1974/1975,Real Sociedad,1387.57
1974/1975,CD Castellón,1225.97
1974/1975,CE Sabadell,1162.63
1974/1975,Sporting,1326.19
1974/1975,CD Alcoyano,699.12
1974/1975,Gimnàstic de Tarragona,727.8
1974/1975,Valladolid,1067.06
1974/1975,Málaga,1330.7
1974/1975,UE Lleida,680.63
1974/1975,Atlético Tetuán,813.93
1974/1975,Las Palmas,1360.14
1974/1975,Real Jaén,926.71
1974/1975,Osasuna,1162.64
1974/1975,Alavés,925.92
1974/1975,CyD Leonesa,856.04
1974/1975,CD Condal,995.91
1974/1975,Elche,1309.9
1974/1975,Mallorca,1170.78
1974/1975,Tenerife,1068.71
1974/1975,Córdoba,1208.06
1974/1975,Pontevedra CF,1120.96
1974/1975,Levante,1137.17
1974/1975,Burgos CF,1175.92
1974/1975,UD Salamanca,1395.98
1975/1976,Betis,1269.83
1975/1976,Athletic,1363.17
1975/1976,Real Madrid,1463.78
1975/1976,Zaragoza,1355.38
1975/1976,Hércules CF,1285.57
1975/1976,Barcelona,1429.51
1975/1976,Real Racing,1234.15
1975/1976,Celta,1249.61
1975/1976,Sevilla,1261.97
1975/1976,Valencia,1337.53
1975/1976,Atlético,1425.16
1975/1976,Espanyol,1391.54
1975/1976,Real Murcia,1168.73
1975/1976,Real Oviedo,1310.89
1975/1976,Granada,1178.22
1975/1976,Deportivo,1174.45
1975/1976,Real Sociedad,1353.22
1975/1976,CD Castellón,1200.97
1975/1976,CE Sabadell,1137.63
1975/1976,Sporting,1283.08
1975/1976,CD Alcoyano,674.12
1975/1976,Gimnàstic de Tarragona,702.8
1975/1976,Valladolid,1042.06
1975/1976,Málaga,1305.7
1975/1976,UE Lleida,655.63
1975/1976,Atlético Tetuán,788.93
1975/1976,Las Palmas,1345.95
1975/1976,Real Jaén,901.71
1975/1976,Osasuna,1137.64
1975/1976,Alavés,900.92
1975/1976,CyD Leonesa,831.04
1975/1976,CD Condal,970.91
1975/1976,Elche,1293.43
1975/1976,Mallorca,1145.78
1975/1976,Tenerife,1043.71
1975/1976,Córdoba,1183.06
1975/1976,Pontevedra CF,1095.96
1975/1976,Levante,1112.17
1975/1976,Burgos CF,1150.92
1975/1976,UD Salamanca,1343.17
1976/1977,Betis,1339.88
1976/1977,Athletic,1393.4
1976/1977,Real Madrid,1334.25
1976/1977,Zaragoza,1302.29
1976/1977,Hércules CF,1310.48
1976/1977,Barcelona,1477.38
1976/1977,Real Racing,1236.45
1976/1977,Celta,1230.61
1976/1977,Sevilla,1292.91
1976/1977,Valencia,1331.07
1976/1977,Atlético,1474.81
1976/1977,Espanyol,1352.91
1976/1977,Real Murcia,1143.73
1976/1977,Real Oviedo,1285.89
1976/1977,Granada,1153.22
1976/1977,Deportivo,1149.45
1976/1977,Real Sociedad,1323.21
1976/1977,CD Castellón,1175.97
1976/1977,CE Sabadell,1112.63
1976/1977,Sporting,1258.08
1976/1977,CD Alcoyano,649.12
1976/1977,Gimnàstic de Tarragona,677.8
1976/1977,Valladolid,1017.06
1976/1977,Málaga,1136.51
1976/1977,UE Lleida,630.63
1976/1977,Atlético Tetuán,763.93
1976/1977,Las Palmas,1362.93
1976/1977,Real Jaén,876.71
1976/1977,Osasuna,1112.64
1976/1977,Alavés,875.92
1976/1977,CyD Leonesa,806.04
1976/1977,CD Condal,945.91
1976/1977,Elche,1334.22
1976/1977,Mallorca,1120.78
1976/1977,Tenerife,1018.71
1976/1977,Córdoba,1158.06
1976/1977,Pontevedra CF,1070.96
1976/1977,Levante,1087.17
1976/1977,Burgos CF,1324.91
1976/1977,UD Salamanca,1301.37
1977/1978,Betis,1329.67
1977/1978,Athletic,1489.16
1977/1978,Real Madrid,1502.2
1977/1978,Zaragoza,1277.29
1977/1978,Hércules CF,1341.28
1977/1978,Barcelona,1448.25
1977/1978,Real Racing,1310.36
1977/1978,Celta,1205.61
1977/1978,Sevilla,1331.09
1977/1978,Valencia,1433.82
1977/1978,Atlético,1448.64
1977/1978,Espanyol,1309.69
1977/1978,Real Murcia,1118.73
1977/1978,Real Oviedo,1260.89
1977/1978,Granada,1128.22
1977/1978,Deportivo,1124.45
1977/1978,Real Sociedad,1351.41
1977/1978,CD Castellón,1150.97
1977/1978,CE Sabadell,1087.63
1977/1978,Sporting,1390.99
1977/1978,CD Alcoyano,624.12
1977/1978,Gimnàstic de Tarragona,652.8
1977/1978,Valladolid,992.06
1977/1978,Málaga,1111.51
1977/1978,UE Lleida,605.63
1977/1978,Atlético Tetuán,738.93
1977/1978,Las Palmas,1376.71
1977/1978,Real Jaén,851.71
1977/1978,Osasuna,1087.64
1977/1978,Alavés,850.92
1977/1978,CyD Leonesa,781.04
1977/1978,CD Condal,920.91
1977/1978,Elche,1253.38
1977/1978,Mallorca,1095.78
1977/1978,Tenerife,993.71
1977/1978,Córdoba,1133.06
1977/1978,Pontevedra CF,1045.96
1977/1978,Levante,1062.17
1977/1978,Burgos CF,1279.91
1977/1978,UD Salamanca,1312.8
1977/1978,Cádiz CF,1226.66
1977/1978,Rayo,1312.24
1978/1979,Betis,1304.67
1978/1979,Athletic,1414.61
1978/1979,Real Madrid,1514.38
1978/1979,Zaragoza,1332.59
1978/1979,Hércules CF,1345.38
1978/1979,Barcelona,1461.2
1978/1979,Real Racing,1195.98
1978/1979,Celta,1304.67
1978/1979,Sevilla,1323.05
1978/1979,Valencia,1389.1
1978/1979,Atlético,1480.28
1978/1979,Espanyol,1319.38
1978/1979,Real Murcia,1093.73
1978/1979,Real Oviedo,1235.89
1978/1979,Granada,1103.22
1978/1979,Deportivo,1099.45
1978/1979,Real Sociedad,1484.02
1978/1979,CD Castellón,1125.97
1978/1979,CE Sabadell,1062.63
1978/1979,Sporting,1447.41
1978/1979,CD Alcoyano,599.12
1978/1979,Gimnàstic de Tarragona,627.8
1978/1979,Valladolid,967.06
1978/1979,Málaga,1086.51
1978/1979,UE Lleida,580.63
1978/1979,Atlético Tetuán,713.93
1978/1979,Las Palmas,1368.59
1978/1979,Real Jaén,826.71
1978/1979,Osasuna,1062.64
1978/1979,Alavés,825.92
1978/1979,CyD Leonesa,756.04
1978/1979,CD Condal,895.91
1978/1979,Elche,1228.38
1978/1979,Mallorca,1070.78
1978/1979,Tenerife,968.71
1978/1979,Córdoba,1108.06
1978/1979,Pontevedra CF,1020.96
1978/1979,Levante,1037.17
1978/1979,Burgos CF,1311.68
1978/1979,UD Salamanca,1382.01
1978/1979,Cádiz CF,1201.66
1978/1979,Rayo,1281.69
1978/1979,RC Recreativo,1265.43
1979/1980,Betis,1446.24
1979/1980,Athletic,1425.48
1979/1980,Real Madrid,1589.18
1979/1980,Zaragoza,1359.12
1979/1980,Hércules CF,1338.18
1979/1980,Barcelona,1448.8
1979/1980,Real Racing,1170.98
1979/1980,Celta,1279.67
1979/1980,Sevilla,1384.56
1979/1980,Valencia,1405.79
1979/1980,Atlético,1372.64
1979/1980,Espanyol,1302.74
1979/1980,Real Murcia,1068.73
1979/1980,Real Oviedo,1210.89
1979/1980,Granada,1078.22
1979/1980,Deportivo,1074.45
1979/1980,Real Sociedad,1582.35
1979/1980,CD Castellón,1100.97
1979/1980,CE Sabadell,1037.63
1979/1980,Sporting,1414.93
1979/1980,CD Alcoyano,574.12
1979/1980,Gimnàstic de Tarragona,602.8
1979/1980,Valladolid,942.06
1979/1980,Málaga,1160.05
1979/1980,UE Lleida,555.63
1979/1980,Atlético Tetuán,688.93
1979/1980,Las Palmas,1293.93
1979/1980,Real Jaén,801.71
1979/1980,Osasuna,1037.64
1979/1980,Alavés,800.92
1979/1980,CyD Leonesa,731.04
1979/1980,CD Condal,870.91
1979/1980,Elche,1203.38
1979/1980,Mallorca,1045.78
1979/1980,Tenerife,943.71
1979/1980,Córdoba,1083.06
1979/1980,Pontevedra CF,995.96
1979/1980,Levante,1012.17
1979/1980,Burgos CF,1184.24
1979/1980,UD Salamanca,1369.55
1979/1980,Cádiz CF,1176.66
1979/1980,Rayo,1271.22
1979/1980,RC Recreativo,1240.43
1979/1980,AD Almería,1397.55
1980/1981,Betis,1446.06
1980/1981,Athletic,1430.53
1980/1981,Real Madrid,1550.45
1980/1981,Zaragoza,1255.3
1980/1981,Hércules CF,1315.89
1980/1981,Barcelona,1441.14
1980/1981,Real Racing,1145.98
1980/1981,Celta,1254.67
1980/1981,Sevilla,1330.76
1980/1981,Valencia,1419.7
1980/1981,Atlético,1354.88
1980/1981,Espanyol,1314.94
1980/1981,Real Murcia,1212.34
1980/1981,Real Oviedo,1185.89
1980/1981,Granada,1053.22
1980/1981,Deportivo,1049.45
1980/1981,Real Sociedad,1533.84
1980/1981,CD Castellón,1075.97
1980/1981,CE Sabadell,1012.63
1980/1981,Sporting,1417.05
1980/1981,CD Alcoyano,549.12
1980/1981,Gimnàstic de Tarragona,577.8
1980/1981,Valladolid,1253.81
1980/1981,Málaga,1135.05
1980/1981,UE Lleida,530.63
1980/1981,Atlético Tetuán,663.93
1980/1981,Las Palmas,1258.09
1980/1981,Real Jaén,776.71
1980/1981,Osasuna,1243.29
1980/1981,Alavés,775.92
1980/1981,CyD Leonesa,706.04
1980/1981,CD Condal,845.91
1980/1981,Elche,1178.38
1980/1981,Mallorca,1020.78
1980/1981,Tenerife,918.71
1980/1981,Córdoba,1058.06
1980/1981,Pontevedra CF,970.96
1980/1981,Levante,987.17
1980/1981,Burgos CF,1159.24
1980/1981,UD Salamanca,1203.56
1980/1981,Cádiz CF,1151.66
1980/1981,Rayo,1246.22
1980/1981,RC Recreativo,1215.43
1980/1981,AD Almería,1197.84
1981/1982,Betis,1383.88
1981/1982,Athletic,1452.13
1981/1982,Real Madrid,1470.12
1981/1982,Zaragoza,1248.91
1981/1982,Hércules CF,1255.85
1981/1982,Barcelona,1430.47
1981/1982,Real Racing,1260.51
1981/1982,Celta,1229.67
1981/1982,Sevilla,1413.5
1981/1982,Valencia,1405.36
1981/1982,Atlético,1350.79
1981/1982,Espanyol,1298.59
1981/1982,Real Murcia,1187.34
1981/1982,Real Oviedo,1160.89
1981/1982,Granada,1028.22
1981/1982,Deportivo,1024.45
1981/1982,Real Sociedad,1492.95
1981/1982,CD Castellón,1049.17
1981/1982,CE Sabadell,987.63
1981/1982,Sporting,1308.98
1981/1982,CD Alcoyano,524.12
1981/1982,Gimnàstic de Tarragona,552.8
1981/1982,Valladolid,1313.72
1981/1982,Málaga,1110.05
1981/1982,UE Lleida,505.63
1981/1982,Atlético Tetuán,638.93
1981/1982,Las Palmas,1251.96
1981/1982,Real Jaén,751.71
1981/1982,Osasuna,1324.78
1981/1982,Alavés,750.92
1981/1982,CyD Leonesa,681.04
1981/1982,CD Condal,820.91
1981/1982,Elche,1153.38
1981/1982,Mallorca,995.78
1981/1982,Tenerife,893.71
1981/1982,Córdoba,1033.06
1981/1982,Pontevedra CF,945.96
1981/1982,Levante,962.17
1981/1982,Burgos CF,1134.24
1981/1982,UD Salamanca,1178.56
1981/1982,Cádiz CF,1227.67
1981/1982,Rayo,1221.22
1981/1982,RC Recreativo,1190.43
1981/1982,AD Almería,1172.84
1982/1983,Betis,1317.6
1982/1983,Athletic,1505.79
1982/1983,Real Madrid,1503.92
1982/1983,Zaragoza,1368.47
1982/1983,Hércules CF,1230.85
1982/1983,Barcelona,1444.66
1982/1983,Real Racing,1255.43
1982/1983,Celta,1179.56
1982/1983,Sevilla,1423.32
1982/1983,Valencia,1296.96
1982/1983,Atlético,1473.2
1982/1983,Espanyol,1298.31
1982/1983,Real Murcia,1162.34
1982/1983,Real Oviedo,1135.89
1982/1983,Granada,1003.22
1982/1983,Deportivo,999.45
1982/1983,Real Sociedad,1376.34
1982/1983,CD Castellón,1024.17
1982/1983,CE Sabadell,962.63
1982/1983,Sporting,1283.76
1982/1983,CD Alcoyano,499.12
1982/1983,Gimnàstic de Tarragona,527.8
1982/1983,Valladolid,1295.08
1982/1983,Málaga,1242.44
1982/1983,UE Lleida,480.63
1982/1983,Atlético Tetuán,613.93
1982/1983,Las Palmas,1180.29
1982/1983,Real Jaén,726.71
1982/1983,Osasuna,1276.45
1982/1983,Alavés,725.92
1982/1983,CyD Leonesa,656.04
1982/1983,CD Condal,795.91
1982/1983,Elche,1128.38
1982/1983,Mallorca,970.78
1982/1983,Tenerife,868.71
1982/1983,Córdoba,1008.06
1982/1983,Pontevedra CF,920.96
1982/1983,Levante,937.17
1982/1983,Burgos CF,1109.24
1982/1983,UD Salamanca,1203.35
1982/1983,Cádiz CF,1202.67
1982/1983,Rayo,1196.22
1982/1983,RC Recreativo,1165.43
1982/1983,AD Almería,1147.84
1983/1984,Betis,1348.92
1983/1984,Athletic,1493.13
1983/1984,Real Madrid,1483.48
1983/1984,Zaragoza,1337.18
1983/1984,Hércules CF,1205.85
1983/1984,Barcelona,1522.07
1983/1984,Real Racing,1230.43
1983/1984,Celta,1154.56
1983/1984,Sevilla,1339.01
1983/1984,Valencia,1296.32
1983/1984,Atlético,1386.08
1983/1984,Espanyol,1300.47
1983/1984,Real Murcia,1277.18
1983/1984,Real Oviedo,1110.89
1983/1984,Granada,978.22
1983/1984,Deportivo,974.45
1983/1984,Real Sociedad,1387.62
1983/1984,CD Castellón,999.17
1983/1984,CE Sabadell,937.63
1983/1984,Sporting,1247.19
1983/1984,CD Alcoyano,474.12
1983/1984,Gimnàstic de Tarragona,502.8
1983/1984,Valladolid,1263.63
1983/1984,Málaga,1283.85
1983/1984,UE Lleida,455.63
1983/1984,Atlético Tetuán,588.93
1983/1984,Las Palmas,1155.29
1983/1984,Real Jaén,701.71
1983/1984,Osasuna,1208.02
1983/1984,Alavés,700.92
1983/1984,CyD Leonesa,631.04
1983/1984,CD Condal,770.91
1983/1984,Elche,1103.38
1983/1984,Mallorca,1122.36
1983/1984,Tenerife,843.71
1983/1984,Córdoba,983.06
1983/1984,Pontevedra CF,895.96
1983/1984,Levante,912.17
1983/1984,Burgos CF,1084.24
1983/1984,UD Salamanca,1133.23
1983/1984,Cádiz CF,1215.7
1983/1984,Rayo,1171.22
1983/1984,RC Recreativo,1140.43
1983/1984,AD Almería,1122.84
1984/1985,Betis,1279.49
1984/1985,Athletic,1468.33
1984/1985,Real Madrid,1348.28
1984/1985,Zaragoza,1335.9
1984/1985,Hércules CF,1253.22
1984/1985,Barcelona,1550.66
1984/1985,Real Racing,1253.43
1984/1985,Celta,1129.56
1984/1985,Sevilla,1226.76
1984/1985,Valencia,1280.43
1984/1985,Atlético,1452.27
1984/1985,Espanyol,1322.71
1984/1985,Real Murcia,1196.17
1984/1985,Real Oviedo,1085.89
1984/1985,Granada,953.22
1984/1985,Deportivo,949.45
1984/1985,Real Sociedad,1339.9
1984/1985,CD Castellón,974.17
1984/1985,CE Sabadell,912.63
1984/1985,Sporting,1371.4
1984/1985,CD Alcoyano,449.12
1984/1985,Gimnàstic de Tarragona,477.8
1984/1985,Valladolid,1279.65
1984/1985,Málaga,1248.54
1984/1985,UE Lleida,430.63
1984/1985,Atlético Tetuán,563.93
1984/1985,Las Palmas,1130.29
1984/1985,Real Jaén,676.71
1984/1985,Osasuna,1304.95
1984/1985,Alavés,675.92
1984/1985,CyD Leonesa,606.04
1984/1985,CD Condal,745.91
1984/1985,Elche,1201.72
1984/1985,Mallorca,1097.36
1984/1985,Tenerife,818.71
1984/1985,Córdoba,958.06
1984/1985,Pontevedra CF,870.96
1984/1985,Levante,887.17
1984/1985,Burgos CF,1059.24
1984/1985,UD Salamanca,1108.23
1984/1985,Cádiz CF,1190.7
1984/1985,Rayo,1146.22
1984/1985,RC Recreativo,1115.43
1984/1985,AD Almería,1097.84
1987/1988,Sporting,1509.16
1987/1988,Athletic,1545.57
1987/1988,Valencia,1451.56
1987/1988,Espanyol,1442.03
1987/1988,Cádiz CF,1467.92
1987/1988,Las Palmas,1399.95
1987/1988,Zaragoza,1479.49
1987/1988,Sevilla,1459.95
1987/1988,Osasuna,1534.41
1987/1988,Atlético,1561.78
1987/1988,Betis,1464.68
1987/1988,CE Sabadell,1453.42
1987/1988,Real Sociedad,1607.7
1987/1988,Real Madrid,1732.64
1987/1988,Real Murcia,1441.21
1987/1988,Valladolid,1477.36
1987/1988,Barcelona,1560.21
1987/1988,Celta,1493.45
1987/1988,CD Logroñés,1477.11
1987/1988,Mallorca,1440.4
1988/1989,Sporting,1478.03
1988/1989,Athletic,1592.24
1988/1989,Valencia,1591.9
1988/1989,Espanyol,1443.01
1988/1989,Cádiz CF,1489.72
1988/1989,Las Palmas,1374.95
1988/1989,Zaragoza,1592.96
1988/1989,Sevilla,1483.9
1988/1989,Osasuna,1454.28
1988/1989,Atlético,1630.47
1988/1989,Betis,1431.34
1988/1989,CE Sabadell,1428.42
1988/1989,Real Sociedad,1466.54
1988/1989,Real Madrid,1782.66
1988/1989,Real Murcia,1354.67
1988/1989,Valladolid,1564.86
1988/1989,Barcelona,1728.42
1988/1989,Celta,1487.08
1988/1989,CD Logroñés,1430.86
1988/1989,Mallorca,1415.4
1988/1989,Real Oviedo,1470.83
1988/1989,Málaga,1457.96
1988/1989,Elche,1274.5
1989/1990,Sporting,1532.2
1989/1990,Athletic,1522.39
1989/1990,Valencia,1696.52
1989/1990,Espanyol,1418.01
1989/1990,Cádiz CF,1422.98
1989/1990,Las Palmas,1349.95
1989/1990,Zaragoza,1580.87
1989/1990,Sevilla,1583.7
1989/1990,Osasuna,1496.82
1989/1990,Atlético,1657.37
1989/1990,Betis,1406.34
1989/1990,CE Sabadell,1403.42
1989/1990,Real Sociedad,1568.71
1989/1990,Real Madrid,1840.68
1989/1990,Real Murcia,1329.67
1989/1990,Valladolid,1494.34
1989/1990,Barcelona,1706.02
1989/1990,Celta,1383.89
1989/1990,CD Logroñés,1529.63
1989/1990,Mallorca,1510.99
1989/1990,Real Oviedo,1491.73
1989/1990,Málaga,1391.55
1989/1990,Elche,1249.5
1989/1990,CD Castellón,1453.92
1989/1990,Rayo,1326.02
1989/1990,Tenerife,1427.78
1990/1991,Sporting,1624.67
1990/1991,Athletic,1519.76
1990/1991,Valencia,1606.41
1990/1991,Espanyol,1490.54
1990/1991,Cádiz CF,1486.88
1990/1991,Las Palmas,1324.95
1990/1991,Zaragoza,1516.36
1990/1991,Sevilla,1502.74
1990/1991,Osasuna,1571.31
1990/1991,Atlético,1593.72
1990/1991,Betis,1397.78
1990/1991,CE Sabadell,1378.42
1990/1991,Real Sociedad,1531.96
1990/1991,Real Madrid,1726.87
1990/1991,Real Murcia,1304.67
1990/1991,Valladolid,1547.78
1990/1991,Barcelona,1691.62
1990/1991,Celta,1358.89
1990/1991,CD Logroñés,1483.46
1990/1991,Mallorca,1503.96
1990/1991,Real Oviedo,1602.45
1990/1991,Málaga,1366.55
1990/1991,Elche,1224.5
1990/1991,CD Castellón,1405.32
1990/1991,Rayo,1301.02
1990/1991,Tenerife,1488.14
1990/1991,Real Burgos,1549.27
1991/1992,Sporting,1505.63
1991/1992,Athletic,1496.66
1991/1992,Valencia,1668.14
1991/1992,Espanyol,1543.28
1991/1992,Cádiz CF,1441.5
1991/1992,Las Palmas,1299.95
1991/1992,Zaragoza,1521.28
1991/1992,Sevilla,1480.0
1991/1992,Osasuna,1508.93
1991/1992,Atlético,1716.27
1991/1992,Betis,1372.78
1991/1992,CE Sabadell,1353.42
1991/1992,Real Sociedad,1613.67
1991/1992,Real Madrid,1732.64
1991/1992,Real Murcia,1279.67
1991/1992,Valladolid,1446.14
1991/1992,Barcelona,1784.05
1991/1992,Celta,1333.89
1991/1992,CD Logroñés,1500.03
1991/1992,Mallorca,1474.71
1991/1992,Real Oviedo,1530.44
1991/1992,Málaga,1341.55
1991/1992,Elche,1199.5
1991/1992,CD Castellón,1380.32
1991/1992,Rayo,1276.02
1991/1992,Tenerife,1536.96
1991/1992,Real Burgos,1500.27
1991/1992,Deportivo,1509.9
1991/1992,Albacete,1527.4
1992/1993,Sporting,1447.15
1992/1993,Athletic,1554.77
1992/1993,Valencia,1691.09
1992/1993,Espanyol,1414.92
1992/1993,Cádiz CF,1354.62
1992/1993,Las Palmas,1274.95
1992/1993,Zaragoza,1459.75
1992/1993,Sevilla,1560.61
1992/1993,Osasuna,1507.19
1992/1993,Atlético,1602.83
1992/1993,Betis,1347.78
1992/1993,CE Sabadell,1328.42
1992/1993,Real Sociedad,1520.56
1992/1993,Real Madrid,1756.14
1992/1993,Real Murcia,1254.67
1992/1993,Valladolid,1421.14
1992/1993,Barcelona,1791.04
1992/1993,Celta,1461.43
1992/1993,CD Logroñés,1519.27
1992/1993,Mallorca,1449.71
1992/1993,Real Oviedo,1498.2
1992/1993,Málaga,1316.55
1992/1993,Elche,1174.5
1992/1993,CD Castellón,1355.32
1992/1993,Rayo,1438.98
1992/1993,Tenerife,1587.65
1992/1993,Real Burgos,1379.99
1992/1993,Deportivo,1651.35
1992/1993,Albacete,1529.42
1993/1994,Sporting,1419.47
1993/1994,Athletic,1571.11
1993/1994,Valencia,1625.33
1993/1994,Espanyol,1389.92
1993/1994,Cádiz CF,1329.62
1993/1994,Las Palmas,1249.95
1993/1994,Zaragoza,1676.31
1993/1994,Sevilla,1604.04
1993/1994,Osasuna,1440.64
1993/1994,Atlético,1557.25
1993/1994,Betis,1322.78
1993/1994,CE Sabadell,1303.42
1993/1994,Real Sociedad,1492.66
1993/1994,Real Madrid,1617.14
1993/1994,Real Murcia,1229.67
1993/1994,Valladolid,1450.5
1993/1994,Barcelona,1818.38
1993/1994,Celta,1503.76
1993/1994,CD Logroñés,1506.78
1993/1994,Mallorca,1424.71
1993/1994,Real Oviedo,1547.08
1993/1994,Málaga,1291.55
1993/1994,Elche,1149.5
1993/1994,CD Castellón,1330.32
1993/1994,Rayo,1447.09
1993/1994,Tenerife,1515.62
1993/1994,Real Burgos,1354.99
1993/1994,Deportivo,1731.54
1993/1994,Albacete,1459.5
1993/1994,Real Racing,1541.74
1993/1994,UE Lleida,1472.63
1994/1995,Sporting,1388.12
1994/1995,Athletic,1548.82
1994/1995,Valencia,1564.28
1994/1995,Espanyol,1599.75
1994/1995,Cádiz CF,1304.62
1994/1995,Las Palmas,1224.95
1994/1995,Zaragoza,1551.6
1994/1995,Sevilla,1624.19
1994/1995,Osasuna,1415.64
1994/1995,Atlético,1560.06
1994/1995,Betis,1620.68
1994/1995,CE Sabadell,1278.42
1994/1995,Real Sociedad,1590.16
1994/1995,Real Madrid,1715.06
1994/1995,Real Murcia,1204.67
1994/1995,Valladolid,1385.58
1994/1995,Barcelona,1640.07
1994/1995,Celta,1513.29
1994/1995,CD Logroñés,1264.63
1994/1995,Mallorca,1399.71
1994/1995,Real Oviedo,1549.64
1994/1995,Málaga,1266.55
1994/1995,Elche,1124.5
1994/1995,CD Castellón,1305.32
1994/1995,Rayo,1422.09
1994/1995,Tenerife,1478.54
1994/1995,Real Burgos,1329.99
1994/1995,Deportivo,1726.92
1994/1995,Albacete,1487.15
1994/1995,Real Racing,1562.33
1994/1995,UE Lleida,1447.63
1994/1995,SD Compostela,1480.04
1995/1996,Sporting,1455.42
1995/1996,Athletic,1504.05
1995/1996,Valencia,1692.35
1995/1996,Espanyol,1653.49
1995/1996,Cádiz CF,1279.62
1995/1996,Las Palmas,1199.95
1995/1996,Zaragoza,1511.15
1995/1996,Sevilla,1527.69
1995/1996,Osasuna,1390.64
1995/1996,Atlético,1709.11
1995/1996,Betis,1535.57
1995/1996,CE Sabadell,1253.42
1995/1996,Real Sociedad,1614.82
1995/1996,Real Madrid,1662.01
1995/1996,Real Murcia,1179.67
1995/1996,Valladolid,1560.91
1995/1996,Barcelona,1684.08
1995/1996,Celta,1556.15
1995/1996,CD Logroñés,1239.63
1995/1996,Mallorca,1374.71
1995/1996,Real Oviedo,1468.53
1995/1996,Málaga,1241.55
1995/1996,Elche,1099.5
1995/1996,CD Castellón,1280.32
1995/1996,Rayo,1420.98
1995/1996,Tenerife,1647.47
1995/1996,Real Burgos,1304.99
1995/1996,Deportivo,1589.26
1995/1996,Albacete,1432.55
1995/1996,Real Racing,1458.49
1995/1996,UE Lleida,1422.63
1995/1996,SD Compostela,1469.97
1995/1996,CP Mérida,1433.44
1995/1996,UD Salamanca,1420.88
1996/1997,Sporting,1434.04
1996/1997,Athletic,1562.81
1996/1997,Valencia,1599.69
1996/1997,Espanyol,1549.64
1996/1997,Cádiz CF,1254.62
1996/1997,Las Palmas,1174.95
1996/1997,Zaragoza,1552.29
1996/1997,Sevilla,1455.48
1996/1997,Osasuna,1365.64
1996/1997,Atlético,1622.28
1996/1997,Betis,1664.9
1996/1997,CE Sabadell,1228.42
1996/1997,Real Sociedad,1543.68
1996/1997,Real Madrid,1786.36
1996/1997,Real Murcia,1154.67
1996/1997,Valladolid,1616.2
1996/1997,Barcelona,1740.96
1996/1997,Celta,1491.18
1996/1997,CD Logroñés,1295.9
1996/1997,Mallorca,1349.71
1996/1997,Real Oviedo,1469.22
1996/1997,Málaga,1216.55
1996/1997,Elche,1074.5
1996/1997,CD Castellón,1255.32
1996/1997,Rayo,1436.96
1996/1997,Tenerife,1548.98
1996/1997,Real Burgos,1279.99
1996/1997,Deportivo,1695.62
1996/1997,Albacete,1407.55
1996/1997,Real Racing,1505.49
1996/1997,UE Lleida,1397.63
1996/1997,SD Compostela,1535.98
1996/1997,CP Mérida,1408.44
1996/1997,UD Salamanca,1395.88
1996/1997,Hércules CF,1392.42
1996/1997,CF Extremadura,1461.05
1997/1998,Sporting,1290.06
1997/1998,Athletic,1641.1
1997/1998,Valencia,1579.65
1997/1998,Espanyol,1592.36
1997/1998,Cádiz CF,1229.62
1997/1998,Las Palmas,1149.95
1997/1998,Zaragoza,1534.52
1997/1998,Sevilla,1430.48
1997/1998,Osasuna,1340.64
1997/1998,Atlético,1649.75
1997/1998,Betis,1562.14
1997/1998,CE Sabadell,1203.42
1997/1998,Real Sociedad,1643.06
1997/1998,Real Madrid,1624.37
1997/1998,Real Murcia,1129.67
1997/1998,Valladolid,1574.28
1997/1998,Barcelona,1627.23
1997/1998,Celta,1564.11
1997/1998,CD Logroñés,1270.9
1997/1998,Mallorca,1580.24
1997/1998,Real Oviedo,1452.69
1997/1998,Málaga,1191.55
1997/1998,Elche,1049.5
1997/1998,CD Castellón,1230.32
1997/1998,Rayo,1411.96
1997/1998,Tenerife,1546.34
1997/1998,Real Burgos,1254.99
1997/1998,Deportivo,1547.77
1997/1998,Albacete,1382.55
1997/1998,Real Racing,1513.99
1997/1998,UE Lleida,1372.63
1997/1998,SD Compostela,1543.16
1997/1998,CP Mérida,1444.72
1997/1998,UD Salamanca,1561.81
1997/1998,Hércules CF,1367.42
1997/1998,CF Extremadura,1436.05
1998/1999,Sporting,1265.06
1998/1999,Athletic,1633.38
1998/1999,Valencia,1680.16
1998/1999,Espanyol,1679.21
1998/1999,Cádiz CF,1204.62
1998/1999,Las Palmas,1124.95
1998/1999,Zaragoza,1632.16
1998/1999,Sevilla,1405.48
1998/1999,Osasuna,1315.64
1998/1999,Atlético,1544.79
1998/1999,Betis,1516.8
1998/1999,CE Sabadell,1178.42
1998/1999,Real Sociedad,1594.2
1998/1999,Real Madrid,1652.44
1998/1999,Real Murcia,1104.67
1998/1999,Valladolid,1522.36
1998/1999,Barcelona,1772.28
1998/1999,Celta,1639.05
1998/1999,CD Logroñés,1245.9
1998/1999,Mallorca,1644.48
1998/1999,Real Oviedo,1454.55
1998/1999,Málaga,1166.55
1998/1999,Elche,1024.5
1998/1999,CD Castellón,1205.32
1998/1999,Rayo,1386.96
1998/1999,Tenerife,1447.76
1998/1999,Real Burgos,1229.99
1998/1999,Deportivo,1622.82
1998/1999,Albacete,1357.55
1998/1999,Real Racing,1452.19
1998/1999,UE Lleida,1347.63
1998/1999,SD Compostela,1518.16
1998/1999,CP Mérida,1419.72
1998/1999,UD Salamanca,1357.16
1998/1999,Hércules CF,1342.42
1998/1999,CF Extremadura,1469.92
1998/1999,Alavés,1470.62
1998/1999,Villarreal,1445.13
1999/2000,Sporting,1240.06
1999/2000,Athletic,1531.51
1999/2000,Valencia,1696.47
1999/2000,Espanyol,1550.01
1999/2000,Cádiz CF,1179.62
1999/2000,Las Palmas,1099.95
1999/2000,Zaragoza,1651.98
1999/2000,Sevilla,1366.45
1999/2000,Osasuna,1290.64
1999/2000,Atlético,1447.43
1999/2000,Betis,1458.6
1999/2000,CE Sabadell,1153.42
1999/2000,Real Sociedad,1541.24
1999/2000,Real Madrid,1631.15
1999/2000,Real Murcia,1079.67
1999/2000,Valladolid,1542.45
1999/2000,Barcelona,1627.88
1999/2000,Celta,1558.4
1999/2000,CD Logroñés,1220.9
1999/2000,Mallorca,1584.48
1999/2000,Real Oviedo,1497.94
1999/2000,Málaga,1506.84
1999/2000,Elche,999.5
1999/2000,CD Castellón,1180.32
1999/2000,Rayo,1516.53
1999/2000,Tenerife,1422.76
1999/2000,Real Burgos,1204.99
1999/2000,Deportivo,1653.1
1999/2000,Albacete,1332.55
1999/2000,Real Racing,1544.27
1999/2000,UE Lleida,1322.63
1999/2000,SD Compostela,1493.16
1999/2000,CP Mérida,1394.72
1999/2000,UD Salamanca,1332.16
1999/2000,Hércules CF,1317.42
1999/2000,CF Extremadura,1444.92
1999/2000,Alavés,1573.72
1999/2000,Villarreal,1420.13
1999/2000,Numancia,1490.03
2000/2001,Sporting,1215.06
2000/2001,Athletic,1411.37
2000/2001,Valencia,1586.66
2000/2001,Espanyol,1516.86
2000/2001,Cádiz CF,1154.62
2000/2001,Las Palmas,1381.65
2000/2001,Zaragoza,1504.98
2000/2001,Sevilla,1341.45
2000/2001,Osasuna,1456.56
2000/2001,Atlético,1422.43
2000/2001,Betis,1433.6
2000/2001,CE Sabadell,1128.42
2000/2001,Real Sociedad,1539.38
2000/2001,Real Madrid,1708.88
2000/2001,Real Murcia,1054.67
2000/2001,Valladolid,1472.85
2000/2001,Barcelona,1611.11
2000/2001,Celta,1586.14
2000/2001,CD Logroñés,1195.9
2000/2001,Mallorca,1690.73
2000/2001,Real Oviedo,1457.85
2000/2001,Málaga,1536.42
2000/2001,Elche,974.5
2000/2001,CD Castellón,1155.32
2000/2001,Rayo,1411.93
2000/2001,Tenerife,1397.76
2000/2001,Real Burgos,1179.99
2000/2001,Deportivo,1673.4
2000/2001,Albacete,1307.55
2000/2001,Real Racing,1488.66
2000/2001,UE Lleida,1297.63
2000/2001,SD Compostela,1468.16
2000/2001,CP Mérida,1369.72
2000/2001,UD Salamanca,1307.16
2000/2001,Hércules CF,1292.42
2000/2001,CF Extremadura,1419.92
2000/2001,Alavés,1481.1
2000/2001,Villarreal,1559.97
2000/2001,Numancia,1432.22
2001/2002,Sporting,1190.06
2001/2002,Athletic,1417.83
2001/2002,Valencia,1706.34
2001/2002,Espanyol,1481.93
2001/2002,Cádiz CF,1129.62
2001/2002,Las Palmas,1410.83
2001/2002,Zaragoza,1395.44
2001/2002,Sevilla,1537.4
2001/2002,Osasuna,1440.04
2001/2002,Atlético,1397.43
2001/2002,Betis,1546.3
2001/2002,CE Sabadell,1103.42
2001/2002,Real Sociedad,1538.85
2001/2002,Real Madrid,1605.31
2001/2002,Real Murcia,1029.67
2001/2002,Valladolid,1452.13
2001/2002,Barcelona,1636.64
2001/2002,Celta,1565.77
2001/2002,CD Logroñés,1170.9
2001/2002,Mallorca,1497.15
2001/2002,Real Oviedo,1432.85
2001/2002,Málaga,1545.84
2001/2002,Elche,949.5
2001/2002,CD Castellón,1130.32
2001/2002,Rayo,1542.12
2001/2002,Tenerife,1386.04
2001/2002,Real Burgos,1154.99
2001/2002,Deportivo,1681.75
2001/2002,Albacete,1282.55
2001/2002,Real Racing,1463.66
2001/2002,UE Lleida,1272.63
2001/2002,SD Compostela,1443.16
2001/2002,CP Mérida,1344.72
2001/2002,UD Salamanca,1282.16
2001/2002,Hércules CF,1267.42
2001/2002,CF Extremadura,1394.92
2001/2002,Alavés,1462.44
2001/2002,Villarreal,1452.65
2001/2002,Numancia,1407.22
2002/2003,Sporting,1165.06
2002/2003,Athletic,1565.8
2002/2003,Valencia,1594.48
2002/2003,Espanyol,1491.81
2002/2003,Cádiz CF,1104.62
2002/2003,Las Palmas,1385.83
2002/2003,Zaragoza,1370.44
2002/2003,Sevilla,1514.56
2002/2003,Osasuna,1496.31
2002/2003,Atlético,1445.04
2002/2003,Betis,1533.81
2002/2003,CE Sabadell,1078.42
2002/2003,Real Sociedad,1656.09
2002/2003,Real Madrid,1719.39
2002/2003,Real Murcia,1004.67
2002/2003,Valladolid,1489.3
2002/2003,Barcelona,1628.34
2002/2003,Celta,1576.46
2002/2003,CD Logroñés,1145.9
2002/2003,Mallorca,1526.7
2002/2003,Real Oviedo,1407.85
2002/2003,Málaga,1483.0
2002/2003,Elche,924.5
2002/2003,CD Castellón,1105.32
2002/2003,Rayo,1378.65
2002/2003,Tenerife,1361.04
2002/2003,Real Burgos,1129.99
2002/2003,Deportivo,1632.86
2002/2003,Albacete,1257.55
2002/2003,Real Racing,1461.23
2002/2003,UE Lleida,1247.63
2002/2003,SD Compostela,1418.16
2002/2003,CP Mérida,1319.72
2002/2003,UD Salamanca,1257.16
2002/2003,Hércules CF,1242.42
2002/2003,CF Extremadura,1369.92
2002/2003,Alavés,1364.08
2002/2003,Villarreal,1469.68
2002/2003,Numancia,1382.22
2002/2003,RC Recreativo,1443.99
2003/2004,Sporting,1140.06
2003/2004,Athletic,1531.41
2003/2004,Valencia,1684.45
2003/2004,Espanyol,1490.99
2003/2004,Cádiz CF,1079.62
2003/2004,Las Palmas,1360.83
2003/2004,Zaragoza,1471.05
2003/2004,Sevilla,1571.53
2003/2004,Osasuna,1455.79
2003/2004,Atlético,1478.32
2003/2004,Betis,1517.61
2003/2004,CE Sabadell,1053.42
2003/2004,Real Sociedad,1515.78
2003/2004,Real Madrid,1542.46
2003/2004,Real Murcia,1203.1
2003/2004,Valladolid,1430.09
2003/2004,Barcelona,1657.29
2003/2004,Celta,1425.67
2003/2004,CD Logroñés,1120.9
2003/2004,Mallorca,1511.99
2003/2004,Real Oviedo,1382.85
2003/2004,Málaga,1486.95
2003/2004,Elche,899.5
2003/2004,CD Castellón,1080.32
2003/2004,Rayo,1353.65
2003/2004,Tenerife,1336.04
2003/2004,Real Burgos,1104.99
2003/2004,Deportivo,1615.51
2003/2004,Albacete,1455.3
2003/2004,Real Racing,1402.37
2003/2004,UE Lleida,1222.63
2003/2004,SD Compostela,1393.16
2003/2004,CP Mérida,1294.72
2003/2004,UD Salamanca,1232.16
2003/2004,Hércules CF,1217.42
2003/2004,CF Extremadura,1344.92
2003/2004,Alavés,1339.08
2003/2004,Villarreal,1469.86
2003/2004,Numancia,1357.22
2003/2004,RC Recreativo,1418.99
2004/2005,Sporting,1115.06
2004/2005,Athletic,1499.12
2004/2005,Valencia,1578.68
2004/2005,Espanyol,1553.14
2004/2005,Cádiz CF,1054.62
2004/2005,Las Palmas,1335.83
2004/2005,Zaragoza,1479.86
2004/2005,Sevilla,1541.04
2004/2005,Osasuna,1404.73
2004/2005,Atlético,1503.11
2004/2005,Betis,1592.68
2004/2005,CE Sabadell,1028.42
2004/2005,Real Sociedad,1460.28
2004/2005,Real Madrid,1710.18
2004/2005,Real Murcia,1178.1
2004/2005,Valladolid,1405.09
2004/2005,Barcelona,1711.0
2004/2005,Celta,1400.67
2004/2005,CD Logroñés,1095.9
2004/2005,Mallorca,1461.22
2004/2005,Real Oviedo,1357.85
2004/2005,Málaga,1534.0
2004/2005,Elche,874.5
2004/2005,CD Castellón,1055.32
2004/2005,Rayo,1328.65
2004/2005,Tenerife,1311.04
2004/2005,Real Burgos,1079.99
2004/2005,Deportivo,1492.5
2004/2005,Albacete,1351.36
2004/2005,Real Racing,1442.17
2004/2005,UE Lleida,1197.63
2004/2005,SD Compostela,1368.16
2004/2005,CP Mérida,1269.72
2004/2005,UD Salamanca,1207.16
2004/2005,Hércules CF,1192.42
2004/2005,CF Extremadura,1319.92
2004/2005,Alavés,1314.08
2004/2005,Villarreal,1666.23
2004/2005,Numancia,1355.35
2004/2005,RC Recreativo,1393.99
2004/2005,Getafe,1490.11
2004/2005,Levante,1389.12
2005/2006,Sporting,1090.06
2005/2006,Athletic,1509.45
2005/2006,Valencia,1615.12
2005/2006,Espanyol,1441.52
2005/2006,Cádiz CF,1330.71
2005/2006,Las Palmas,1310.83
2005/2006,Zaragoza,1438.96
2005/2006,Sevilla,1619.62
2005/2006,Osasuna,1510.25
2005/2006,Atlético,1510.16
2005/2006,Betis,1438.4
2005/2006,CE Sabadell,1003.42
2005/2006,Real Sociedad,1418.6
2005/2006,Real Madrid,1667.18
2005/2006,Real Murcia,1153.1
2005/2006,Valladolid,1380.09
2005/2006,Barcelona,1703.87
2005/2006,Celta,1571.74
2005/2006,CD Logroñés,1070.9
2005/2006,Mallorca,1466.16
2005/2006,Real Oviedo,1332.85
2005/2006,Málaga,1267.61
2005/2006,Elche,849.5
2005/2006,CD Castellón,1030.32
2005/2006,Rayo,1303.65
2005/2006,Tenerife,1286.04
2005/2006,Real Burgos,1054.99
2005/2006,Deportivo,1476.87
2005/2006,Albacete,1326.36
2005/2006,Real Racing,1416.25
2005/2006,UE Lleida,1172.63
2005/2006,SD Compostela,1343.16
2005/2006,CP Mérida,1244.72
2005/2006,UD Salamanca,1182.16
2005/2006,Hércules CF,1167.42
2005/2006,CF Extremadura,1294.92
2005/2006,Alavés,1396.05
2005/2006,Villarreal,1571.34
2005/2006,Numancia,1330.35
2005/2006,RC Recreativo,1368.99
2005/2006,Getafe,1519.56
2005/2006,Levante,1364.12
2006/2007,Sporting,1065.06
2006/2007,Athletic,1447.86
2006/2007,Valencia,1581.45
2006/2007,Espanyol,1451.59
2006/2007,Cádiz CF,1305.71
2006/2007,Las Palmas,1285.83
2006/2007,Zaragoza,1539.99
2006/2007,Sevilla,1641.81
2006/2007,Osasuna,1505.95
2006/2007,Atlético,1521.63
2006/2007,Betis,1418.81
2006/2007,CE Sabadell,978.42
2006/2007,Real Sociedad,1437.2
2006/2007,Real Madrid,1690.52
2006/2007,Real Murcia,1128.1
2006/2007,Valladolid,1355.09
2006/2007,Barcelona,1694.61
2006/2007,Celta,1408.6
2006/2007,CD Logroñés,1045.9
2006/2007,Mallorca,1503.34
2006/2007,Real Oviedo,1307.85
2006/2007,Málaga,1242.61
2006/2007,Elche,824.5
2006/2007,CD Castellón,1005.32
2006/2007,Rayo,1278.65
2006/2007,Tenerife,1261.04
2006/2007,Real Burgos,1029.99
2006/2007,Deportivo,1452.28
2006/2007,Albacete,1301.36
2006/2007,Real Racing,1449.81
2006/2007,UE Lleida,1147.63
2006/2007,SD Compostela,1318.16
2006/2007,CP Mérida,1219.72
2006/2007,UD Salamanca,1157.16
2006/2007,Hércules CF,1142.42
2006/2007,CF Extremadura,1269.92
2006/2007,Alavés,1371.05
2006/2007,Villarreal,1609.42
2006/2007,Numancia,1305.35
2006/2007,RC Recreativo,1503.6
2006/2007,Getafe,1496.97
2006/2007,Levante,1421.85
2006/2007,Gimnàstic de Tarragona,1350.87
2007/2008,Sporting,1040.06
2007/2008,Athletic,1480.39
2007/2008,Valencia,1481.56
2007/2008,Espanyol,1374.05
2007/2008,Cádiz CF,1280.71
2007/2008,Las Palmas,1260.83
2007/2008,Zaragoza,1449.46
2007/2008,Sevilla,1647.4
2007/2008,Osasuna,1424.06
2007/2008,Atlético,1558.23
2007/2008,Betis,1473.31
2007/2008,CE Sabadell,953.42
2007/2008,Real Sociedad,1412.2
2007/2008,Real Madrid,1734.62
2007/2008,Real Murcia,1263.98
2007/2008,Valladolid,1430.18
2007/2008,Barcelona,1587.84
2007/2008,Celta,1383.6
2007/2008,CD Logroñés,1020.9
2007/2008,Mallorca,1607.75
2007/2008,Real Oviedo,1282.85
2007/2008,Málaga,1217.61
2007/2008,Elche,799.5
2007/2008,CD Castellón,980.32
2007/2008,Rayo,1253.65
2007/2008,Tenerife,1236.04
2007/2008,Real Burgos,1004.99
2007/2008,Deportivo,1537.57
2007/2008,Albacete,1276.36
2007/2008,Real Racing,1502.82
2007/2008,UE Lleida,1122.63
2007/2008,SD Compostela,1293.16
2007/2008,CP Mérida,1194.72
2007/2008,UD Salamanca,1132.16
2007/2008,Hércules CF,1117.42
2007/2008,CF Extremadura,1244.92
2007/2008,Alavés,1346.05
2007/2008,Villarreal,1670.5
2007/2008,Numancia,1280.35
2007/2008,RC Recreativo,1426.72
2007/2008,Getafe,1473.29
2007/2008,Levante,1307.85
2007/2008,Gimnàstic de Tarragona,1325.87
2007/2008,Almería,1483.1
2008/2009,Sporting,1266.1
2008/2009,Athletic,1395.14
2008/2009,Valencia,1535.37
2008/2009,Espanyol,1514.62
2008/2009,Cádiz CF,1255.71
2008/2009,Las Palmas,1235.83
2008/2009,Zaragoza,1424.46
2008/2009,Sevilla,1597.23
2008/2009,Osasuna,1453.02
2008/2009,Atlético,1587.08
2008/2009,Betis,1426.84
2008/2009,CE Sabadell,928.42
2008/2009,Real Sociedad,1387.2
2008/2009,Real Madrid,1608.66
2008/2009,Real Murcia,1238.98
2008/2009,Valladolid,1375.65
2008/2009,Barcelona,1730.57
2008/2009,Celta,1358.6
2008/2009,CD Logroñés,995.9
2008/2009,Mallorca,1541.74
2008/2009,Real Oviedo,1257.85
2008/2009,Málaga,1411.64
2008/2009,Elche,774.5
2008/2009,CD Castellón,955.32
2008/2009,Rayo,1228.65
2008/2009,Tenerife,1211.04
2008/2009,Real Burgos,979.99
2008/2009,Deportivo,1514.73
2008/2009,Albacete,1251.36
2008/2009,Real Racing,1456.38
2008/2009,UE Lleida,1097.63
2008/2009,SD Compostela,1268.16
2008/2009,CP Mérida,1169.72
2008/2009,UD Salamanca,1107.16
2008/2009,Hércules CF,1092.42
2008/2009,CF Extremadura,1219.92
2008/2009,Alavés,1321.05
2008/2009,Villarreal,1564.95
2008/2009,Numancia,1304.12
2008/2009,RC Recreativo,1320.07
2008/2009,Getafe,1428.0
2008/2009,Levante,1282.85
2008/2009,Gimnàstic de Tarragona,1300.87
2008/2009,Almería,1399.5
2009/2010,Sporting,1316.07
2009/2010,Athletic,1454.7
2009/2010,Valencia,1563.42
2009/2010,Espanyol,1420.86
2009/2010,Cádiz CF,1230.71
2009/2010,Las Palmas,1210.83
2009/2010,Zaragoza,1435.75
2009/2010,Sevilla,1552.17
2009/2010,Osasuna,1415.93
2009/2010,Atlético,1447.1
2009/2010,Betis,1401.84
2009/2010,CE Sabadell,903.42
2009/2010,Real Sociedad,1362.2
2009/2010,Real Madrid,1783.02
2009/2010,Real Murcia,1213.98
2009/2010,Valladolid,1373.33
2009/2010,Barcelona,1850.12
2009/2010,Celta,1333.6
2009/2010,CD Logroñés,970.9
2009/2010,Mallorca,1543.11
2009/2010,Real Oviedo,1232.85
2009/2010,Málaga,1416.89
2009/2010,Elche,749.5
2009/2010,CD Castellón,930.32
2009/2010,Rayo,1203.65
2009/2010,Tenerife,1328.42
2009/2010,Real Burgos,954.99
2009/2010,Deportivo,1357.86
2009/2010,Albacete,1226.36
2009/2010,Real Racing,1390.24
2009/2010,UE Lleida,1072.63
2009/2010,SD Compostela,1243.16
2009/2010,CP Mérida,1144.72
2009/2010,UD Salamanca,1082.16
2009/2010,Hércules CF,1067.42
2009/2010,CF Extremadura,1194.92
2009/2010,Alavés,1296.05
2009/2010,Villarreal,1512.7
2009/2010,Numancia,1279.12
2009/2010,RC Recreativo,1295.07
2009/2010,Getafe,1539.69
2009/2010,Levante,1257.85
2009/2010,Gimnàstic de Tarragona,1275.87
2009/2010,Almería,1400.36
2009/2010,Xerez CD,1414.14
2010/2011,Sporting,1421.91
2010/2011,Athletic,1480.73
2010/2011,Valencia,1566.5
2010/2011,Espanyol,1379.38
2010/2011,Cádiz CF,1205.71
2010/2011,Las Palmas,1185.83
2010/2011,Zaragoza,1419.53
2010/2011,Sevilla,1495.89
2010/2011,Osasuna,1450.57
2010/2011,Atlético,1476.15
2010/2011,Betis,1376.84
2010/2011,CE Sabadell,878.42
2010/2011,Real Sociedad,1340.73
2010/2011,Real Madrid,1798.48
2010/2011,Real Murcia,1188.98
2010/2011,Valladolid,1348.33
2010/2011,Barcelona,1846.73
2010/2011,Celta,1308.6
2010/2011,CD Logroñés,945.9
2010/2011,Mallorca,1341.86
2010/2011,Real Oviedo,1207.85
2010/2011,Málaga,1479.43
2010/2011,Elche,724.5
2010/2011,CD Castellón,905.32
2010/2011,Rayo,1178.65
2010/2011,Tenerife,1303.42
2010/2011,Real Burgos,929.99
2010/2011,Deportivo,1391.73
2010/2011,Albacete,1201.36
2010/2011,Real Racing,1395.46
2010/2011,UE Lleida,1047.63
2010/2011,SD Compostela,1218.16
2010/2011,CP Mérida,1119.72
2010/2011,UD Salamanca,1057.16
2010/2011,Hércules CF,1255.2
2010/2011,CF Extremadura,1169.92
2010/2011,Alavés,1271.05
2010/2011,Villarreal,1462.37
2010/2011,Numancia,1254.12
2010/2011,RC Recreativo,1270.07
2010/2011,Getafe,1388.33
2010/2011,Levante,1390.47
2010/2011,Gimnàstic de Tarragona,1250.87
2010/2011,Almería,1306.01
2010/2011,Xerez CD,1389.14
2011/2012,Sporting,1370.61
2011/2012,Athletic,1427.26
2011/2012,Valencia,1505.09
2011/2012,Espanyol,1389.21
2011/2012,Cádiz CF,1180.71
2011/2012,Las Palmas,1160.83
2011/2012,Zaragoza,1413.11
2011/2012,Sevilla,1464.88
2011/2012,Osasuna,1440.82
2011/2012,Atlético,1506.37
2011/2012,Betis,1405.66
2011/2012,CE Sabadell,853.42
2011/2012,Real Sociedad,1429.1
2011/2012,Real Madrid,1870.68
2011/2012,Real Murcia,1163.98
2011/2012,Valladolid,1323.33
2011/2012,Barcelona,1841.2
2011/2012,Celta,1283.6
2011/2012,CD Logroñés,920.9
2011/2012,Mallorca,1462.25
2011/2012,Real Oviedo,1182.85
2011/2012,Málaga,1486.83
2011/2012,Elche,699.5
2011/2012,CD Castellón,880.32
2011/2012,Rayo,1325.85
2011/2012,Tenerife,1278.42
2011/2012,Real Burgos,904.99
2011/2012,Deportivo,1366.73
2011/2012,Albacete,1176.36
2011/2012,Real Racing,1241.52
2011/2012,UE Lleida,1022.63
2011/2012,SD Compostela,1193.16
2011/2012,CP Mérida,1094.72
2011/2012,UD Salamanca,1032.16
2011/2012,Hércules CF,1230.2
2011/2012,CF Extremadura,1144.92
2011/2012,Alavés,1246.05
2011/2012,Villarreal,1378.71
2011/2012,Numancia,1229.12
2011/2012,RC Recreativo,1245.07
2011/2012,Getafe,1397.89
2011/2012,Levante,1468.55
2011/2012,Gimnàstic de Tarragona,1225.87
2011/2012,Almería,1281.01
2011/2012,Xerez CD,1364.14
2011/2012,Granada,1364.42
2012/2013,Sporting,1345.61
2012/2013,Athletic,1393.11
2012/2013,Valencia,1566.05
2012/2013,Espanyol,1402.2
2012/2013,Cádiz CF,1155.71
2012/2013,Las Palmas,1135.83
2012/2013,Zaragoza,1309.28
2012/2013,Sevilla,1467.92
2012/2013,Osasuna,1372.6
2012/2013,Atlético,1581.57
2012/2013,Betis,1457.1
2012/2013,CE Sabadell,828.42
2012/2013,Real Sociedad,1591.97
2012/2013,Real Madrid,1810.22
2012/2013,Real Murcia,1138.98
2012/2013,Valladolid,1333.14
2012/2013,Barcelona,1864.12
2012/2013,Celta,1335.05
2012/2013,CD Logroñés,895.9
2012/2013,Mallorca,1356.03
2012/2013,Real Oviedo,1157.85
2012/2013,Málaga,1457.46
2012/2013,Elche,674.5
2012/2013,CD Castellón,855.32
2012/2013,Rayo,1382.19
2012/2013,Tenerife,1253.42
2012/2013,Real Burgos,879.99
2012/2013,Deportivo,1362.21
2012/2013,Albacete,1151.36
2012/2013,Real Racing,1216.52
2012/2013,UE Lleida,997.63
2012/2013,SD Compostela,1168.16
2012/2013,CP Mérida,1069.72
2012/2013,UD Salamanca,1007.16
2012/2013,Hércules CF,1205.2
2012/2013,CF Extremadura,1119.92
2012/2013,Alavés,1221.05
2012/2013,Villarreal,1353.71
2012/2013,Numancia,1204.12
2012/2013,RC Recreativo,1220.07
2012/2013,Getafe,1367.21
2012/2013,Levante,1360.0
2012/2013,Gimnàstic de Tarragona,1200.87
2012/2013,Almería,1256.01
2012/2013,Xerez CD,1339.14
2012/2013,Granada,1403.4
2013/2014,Sporting,1320.61
2013/2014,Athletic,1562.25
2013/2014,Valencia,1423.12
2013/2014,Espanyol,1323.76
2013/2014,Cádiz CF,1130.71
2013/2014,Las Palmas,1110.83
2013/2014,Zaragoza,1284.28
2013/2014,Sevilla,1521.76
2013/2014,Osasuna,1321.14
2013/2014,Atlético,1643.85
2013/2014,Betis,1254.29
2013/2014,CE Sabadell,803.42
2013/2014,Real Sociedad,1488.47
2013/2014,Real Madrid,1739.84
2013/2014,Real Murcia,1113.98
2013/2014,Valladolid,1295.27
2013/2014,Barcelona,1755.32
2013/2014,Celta,1430.69
2013/2014,CD Logroñés,870.9
2013/2014,Mallorca,1331.03
2013/2014,Real Oviedo,1132.85
2013/2014,Málaga,1395.48
2013/2014,Elche,1089.96
2013/2014,CD Castellón,830.32
2013/2014,Rayo,1345.49
2013/2014,Tenerife,1228.42
2013/2014,Real Burgos,854.99
2013/2014,Deportivo,1337.21
2013/2014,Albacete,1126.36
2013/2014,Real Racing,1191.52
2013/2014,UE Lleida,972.63
2013/2014,SD Compostela,1143.16
2013/2014,CP Mérida,1044.72
2013/2014,UD Salamanca,982.16
2013/2014,Hércules CF,1180.2
2013/2014,CF Extremadura,1094.92
2013/2014,Alavés,1196.05
2013/2014,Villarreal,1459.14
2013/2014,Numancia,1179.12
2013/2014,RC Recreativo,1195.07
2013/2014,Getafe,1365.12
2013/2014,Levante,1397.84
2013/2014,Gimnàstic de Tarragona,1175.87
2013/2014,Almería,1316.48
2013/2014,Xerez CD,1314.14
2013/2014,Granada,1300.26
2014/2015,Sporting,1295.61
2014/2015,Athletic,1532.24
2014/2015,Valencia,1607.0
2014/2015,Espanyol,1431.51
2014/2015,Cádiz CF,1105.71
2014/2015,Las Palmas,1085.83
2014/2015,Zaragoza,1259.28
2014/2015,Sevilla,1608.39
2014/2015,Osasuna,1296.14
2014/2015,Atlético,1648.19
2014/2015,Betis,1229.29
2014/2015,CE Sabadell,778.42
2014/2015,Real Sociedad,1427.04
2014/2015,Real Madrid,1767.95
2014/2015,Real Murcia,1088.98
2014/2015,Valladolid,1270.27
2014/2015,Barcelona,1806.44
2014/2015,Celta,1479.69
2014/2015,CD Logroñés,845.9
2014/2015,Mallorca,1306.03
2014/2015,Real Oviedo,1107.85
2014/2015,Málaga,1363.45
2014/2015,Elche,1316.32
2014/2015,CD Castellón,805.32
2014/2015,Rayo,1372.43
2014/2015,Tenerife,1203.42
2014/2015,Real Burgos,829.99
2014/2015,Deportivo,1344.58
2014/2015,Albacete,1101.36
2014/2015,Real Racing,1166.52
2014/2015,UE Lleida,947.63
2014/2015,SD Compostela,1118.16
2014/2015,CP Mérida,1019.72
2014/2015,UD Salamanca,957.16
2014/2015,Hércules CF,1155.2
2014/2015,CF Extremadura,1069.92
2014/2015,Alavés,1171.05
2014/2015,Villarreal,1449.95
2014/2015,Numancia,1154.12
2014/2015,RC Recreativo,1170.07
2014/2015,Getafe,1281.85
2014/2015,Levante,1328.46
2014/2015,Gimnàstic de Tarragona,1150.87
2014/2015,Almería,1285.2
2014/2015,Xerez CD,1289.14
2014/2015,Granada,1336.06
2014/2015,Eibar,1310.93
2014/2015,Córdoba,1198.36
2015/2016,Sporting,1351.0
2015/2016,Athletic,1538.83
2015/2016,Valencia,1410.79
2015/2016,Espanyol,1336.13
2015/2016,Cádiz CF,1080.71
2015/2016,Las Palmas,1335.58
2015/2016,Zaragoza,1234.28
2015/2016,Sevilla,1414.71
2015/2016,Osasuna,1271.14
2015/2016,Atlético,1707.99
2015/2016,Betis,1352.4
2015/2016,CE Sabadell,753.42
2015/2016,Real Sociedad,1424.95
2015/2016,Real Madrid,1795.4
2015/2016,Real Murcia,1063.98
2015/2016,Valladolid,1245.27
2015/2016,Barcelona,1782.41
2015/2016,Celta,1449.04
2015/2016,CD Logroñés,820.9
2015/2016,Mallorca,1281.03
2015/2016,Real Oviedo,1082.85
2015/2016,Málaga,1437.26
2015/2016,Elche,1291.32
2015/2016,CD Castellón,780.32
2015/2016,Rayo,1369.78
2015/2016,Tenerife,1178.42
2015/2016,Real Burgos,804.99
2015/2016,Deportivo,1349.05
2015/2016,Albacete,1076.36
2015/2016,Real Racing,1141.52
2015/2016,UE Lleida,922.63
2015/2016,SD Compostela,1093.16
2015/2016,CP Mérida,994.72
2015/2016,UD Salamanca,932.16
2015/2016,Hércules CF,1130.2
2015/2016,CF Extremadura,1044.92
2015/2016,Alavés,1146.05
2015/2016,Villarreal,1446.39
2015/2016,Numancia,1129.12
2015/2016,RC Recreativo,1145.07
2015/2016,Getafe,1278.59
2015/2016,Levante,1265.75
2015/2016,Gimnàstic de Tarragona,1125.87
2015/2016,Almería,1260.2
2015/2016,Xerez CD,1264.14
2015/2016,Granada,1369.77
2015/2016,Eibar,1291.07
2015/2016,Córdoba,1173.36
2016/2017,Sporting,1306.84
2016/2017,Athletic,1514.51
2016/2017,Valencia,1396.7
2016/2017,Espanyol,1428.54
2016/2017,Cádiz CF,1055.71
2016/2017,Las Palmas,1267.04
2016/2017,Zaragoza,1209.28
2016/2017,Sevilla,1510.63
2016/2017,Osasuna,1189.5
2016/2017,Atlético,1672.48
2016/2017,Betis,1297.7
2016/2017,CE Sabadell,728.42
2016/2017,Real Sociedad,1470.47
2016/2017,Real Madrid,1806.56
2016/2017,Real Murcia,1038.98
2016/2017,Valladolid,1220.27
2016/2017,Barcelona,1794.63
2016/2017,Celta,1344.14
2016/2017,CD Logroñés,795.9
2016/2017,Mallorca,1256.03
2016/2017,Real Oviedo,1057.85
2016/2017,Málaga,1437.68
2016/2017,Elche,1266.32
2016/2017,CD Castellón,755.32
2016/2017,Rayo,1344.78
2016/2017,Tenerife,1153.42
2016/2017,Real Burgos,779.99
2016/2017,Deportivo,1332.23
2016/2017,Albacete,1051.36
2016/2017,Real Racing,1116.52
2016/2017,UE Lleida,897.63
2016/2017,SD Compostela,1068.16
2016/2017,CP Mérida,969.72
2016/2017,UD Salamanca,907.16
2016/2017,Hércules CF,1105.2
2016/2017,CF Extremadura,1019.92
2016/2017,Alavés,1426.58
2016/2017,Villarreal,1542.71
2016/2017,Numancia,1104.12
2016/2017,RC Recreativo,1120.07
2016/2017,Getafe,1253.59
2016/2017,Levante,1240.75
2016/2017,Gimnàstic de Tarragona,1100.87
2016/2017,Almería,1235.2
2016/2017,Xerez CD,1239.14
2016/2017,Granada,1177.88
2016/2017,Eibar,1423.32
2016/2017,Córdoba,1148.36
2016/2017,Leganés,1369.82
2017/2018,Sporting,1281.84
2017/2018,Athletic,1397.5
2017/2018,Valencia,1546.81
2017/2018,Espanyol,1447.45
2017/2018,Cádiz CF,1030.71
2017/2018,Las Palmas,1181.49
2017/2018,Zaragoza,1184.28
2017/2018,Sevilla,1446.89
2017/2018,Osasuna,1164.5
2017/2018,Atlético,1624.35
2017/2018,Betis,1454.15
2017/2018,CE Sabadell,703.42
2017/2018,Real Sociedad,1477.45
2017/2018,Real Madrid,1720.48
2017/2018,Real Murcia,1013.98
2017/2018,Valladolid,1195.27
2017/2018,Barcelona,1809.64
2017/2018,Celta,1430.04
2017/2018,CD Logroñés,770.9
2017/2018,Mallorca,1231.03
2017/2018,Real Oviedo,1032.85
2017/2018,Málaga,1237.46
2017/2018,Elche,1241.32
2017/2018,CD Castellón,730.32
2017/2018,Rayo,1319.78
2017/2018,Tenerife,1128.42
2017/2018,Real Burgos,754.99
2017/2018,Deportivo,1275.84
2017/2018,Albacete,1026.36
2017/2018,Real Racing,1091.52
2017/2018,UE Lleida,872.63
2017/2018,SD Compostela,1043.16
2017/2018,CP Mérida,944.72
2017/2018,UD Salamanca,882.16
2017/2018,Hércules CF,1080.2
2017/2018,CF Extremadura,994.92
2017/2018,Alavés,1426.89
2017/2018,Villarreal,1519.65
2017/2018,Numancia,1079.12
2017/2018,RC Recreativo,1095.07
2017/2018,Getafe,1442.01
2017/2018,Levante,1402.16
2017/2018,Gimnàstic de Tarragona,1075.87
2017/2018,Almería,1210.2
2017/2018,Xerez CD,1214.14
2017/2018,Granada,1152.88
2017/2018,Eibar,1451.96
2017/2018,Córdoba,1123.36
2017/2018,Leganés,1344.9
2017/2018,Girona,1392.96
2018/2019,Sporting,1256.84
2018/2019,Athletic,1466.79
2018/2019,Valencia,1578.63
2018/2019,Espanyol,1515.38
2018/2019,Cádiz CF,1005.71
2018/2019,Las Palmas,1156.49
2018/2019,Zaragoza,1159.28
2018/2019,Sevilla,1493.15
2018/2019,Osasuna,1139.5
2018/2019,Atlético,1614.12
2018/2019,Betis,1419.04
2018/2019,CE Sabadell,678.42
2018/2019,Real Sociedad,1460.58
2018/2019,Real Madrid,1558.38
2018/2019,Real Murcia,988.98
2018/2019,Valladolid,1318.71
2018/2019,Barcelona,1773.47
2018/2019,Celta,1408.72
2018/2019,CD Logroñés,745.9
2018/2019,Mallorca,1206.03
2018/2019,Real Oviedo,1007.85
2018/2019,Málaga,1212.46
2018/2019,Elche,1216.32
2018/2019,CD Castellón,705.32
2018/2019,Rayo,1299.44
2018/2019,Tenerife,1103.42
2018/2019,Real Burgos,729.99
2018/2019,Deportivo,1250.84
2018/2019,Albacete,1001.36
2018/2019,Real Racing,1066.52
2018/2019,UE Lleida,847.63
2018/2019,SD Compostela,1018.16
2018/2019,CP Mérida,919.72
2018/2019,UD Salamanca,857.16
2018/2019,Hércules CF,1055.2
2018/2019,CF Extremadura,969.92
2018/2019,Alavés,1396.45
2018/2019,Villarreal,1476.95
2018/2019,Numancia,1054.12
2018/2019,RC Recreativo,1070.07
2018/2019,Getafe,1532.47
2018/2019,Levante,1438.4
2018/2019,Gimnàstic de Tarragona,1050.87
2018/2019,Almería,1185.2
2018/2019,Xerez CD,1189.14
2018/2019,Granada,1127.88
2018/2019,Eibar,1449.09
2018/2019,Córdoba,1098.36
2018/2019,Leganés,1422.57
2018/2019,Girona,1332.06
2018/2019,Huesca,1395.94
2019/2020,Sporting,1231.84
2019/2020,Athletic,1414.4
2019/2020,Valencia,1412.82
2019/2020,Espanyol,1268.44
2019/2020,Cádiz CF,980.71
2019/2020,Las Palmas,1131.49
2019/2020,Zaragoza,1134.28
2019/2020,Sevilla,1585.68
2019/2020,Osasuna,1376.21
2019/2020,Atlético,1607.63
2019/2020,Betis,1350.91
2019/2020,CE Sabadell,653.42
2019/2020,Real Sociedad,1460.88
2019/2020,Real Madrid,1700.3
2019/2020,Real Murcia,963.98
2019/2020,Valladolid,1362.53
2019/2020,Barcelona,1692.67
2019/2020,Celta,1361.91
2019/2020,CD Logroñés,720.9
2019/2020,Mallorca,1313.08
2019/2020,Real Oviedo,982.85
2019/2020,Málaga,1187.46
2019/2020,Elche,1191.32
2019/2020,CD Castellón,680.32
2019/2020,Rayo,1274.44
2019/2020,Tenerife,1078.42
2019/2020,Real Burgos,704.99
2019/2020,Deportivo,1225.84
2019/2020,Albacete,976.36
2019/2020,Real Racing,1041.52
2019/2020,UE Lleida,822.63
2019/2020,SD Compostela,993.16
2019/2020,CP Mérida,894.72
2019/2020,UD Salamanca,832.16
2019/2020,Hércules CF,1030.2
2019/2020,CF Extremadura,944.92
2019/2020,Alavés,1309.46
2019/2020,Villarreal,1518.88
2019/2020,Numancia,1029.12
2019/2020,RC Recreativo,1045.07
2019/2020,Getafe,1435.73
2019/2020,Levante,1412.59
2019/2020,Gimnàstic de Tarragona,1025.87
2019/2020,Almería,1160.2
2019/2020,Xerez CD,1164.14
2019/2020,Granada,1436.28
2019/2020,Eibar,1390.31
2019/2020,Córdoba,1073.36
2019/2020,Leganés,1385.6
2019/2020,Girona,1307.06
2019/2020,Huesca,1370.94
2020/2021,Sporting,1206.84
2020/2021,Athletic,1404.5
2020/2021,Valencia,1393.25
2020/2021,Espanyol,1243.44
2020/2021,Cádiz CF,1244.62
2020/2021,Las Palmas,1106.49
2020/2021,Zaragoza,1109.28
2020/2021,Sevilla,1567.79
2020/2021,Osasuna,1389.53
2020/2021,Atlético,1647.86
2020/2021,Betis,1471.98
2020/2021,CE Sabadell,628.42
2020/2021,Real Sociedad,1498.58
2020/2021,Real Madrid,1702.39
2020/2021,Real Murcia,938.98
2020/2021,Valladolid,1263.62
2020/2021,Barcelona,1656.98
2020/2021,Celta,1449.71
2020/2021,CD Logroñés,695.9
2020/2021,Mallorca,1288.08
2020/2021,Real Oviedo,957.85
2020/2021,Málaga,1162.46
2020/2021,Elche,1281.13
2020/2021,CD Castellón,655.32
2020/2021,Rayo,1249.44
2020/2021,Tenerife,1053.42
2020/2021,Real Burgos,679.99
2020/2021,Deportivo,1200.84
2020/2021,Albacete,951.36
2020/2021,Real Racing,1016.52
2020/2021,UE Lleida,797.63
2020/2021,SD Compostela,968.16
2020/2021,CP Mérida,869.72
2020/2021,UD Salamanca,807.16
2020/2021,Hércules CF,1005.2
2020/2021,CF Extremadura,919.92
2020/2021,Alavés,1305.62
2020/2021,Villarreal,1509.05
2020/2021,Numancia,1004.12
2020/2021,RC Recreativo,1020.07
2020/2021,Getafe,1336.9
2020/2021,Levante,1322.79
2020/2021,Gimnàstic de Tarragona,1000.87
2020/2021,Almería,1135.2
2020/2021,Xerez CD,1139.14
2020/2021,Granada,1325.45
2020/2021,Eibar,1276.37
2020/2021,Córdoba,1048.36
2020/2021,Leganés,1360.6
2020/2021,Girona,1282.06
2020/2021,Huesca,1324.04
2021/2022,Sporting,1181.84
2021/2022,Athletic,1449.51
2021/2022,Valencia,1382.46
2021/2022,Espanyol,1305.19
2021/2022,Cádiz CF,1346.94
2021/2022,Las Palmas,1081.49
2021/2022,Zaragoza,1084.28
2021/2022,Sevilla,1554.09
2021/2022,Osasuna,1335.59
2021/2022,Atlético,1588.23
2021/2022,Betis,1519.83
2021/2022,CE Sabadell,603.42
2021/2022,Real Sociedad,1467.14
2021/2022,Real Madrid,1680.44
2021/2022,Real Murcia,913.98
2021/2022,Valladolid,1238.62
2021/2022,Barcelona,1634.94
2021/2022,Celta,1398.79
2021/2022,CD Logroñés,670.9
2021/2022,Mallorca,1270.02
2021/2022,Real Oviedo,932.85
2021/2022,Málaga,1137.46
2021/2022,Elche,1324.56
2021/2022,CD Castellón,630.32
2021/2022,Rayo,1263.31
2021/2022,Tenerife,1028.42
2021/2022,Real Burgos,654.99
2021/2022,Deportivo,1175.84
2021/2022,Albacete,926.36
2021/2022,Real Racing,991.52
2021/2022,UE Lleida,772.63
2021/2022,SD Compostela,943.16
2021/2022,CP Mérida,844.72
2021/2022,UD Salamanca,782.16
2021/2022,Hércules CF,980.2
2021/2022,CF Extremadura,894.92
2021/2022,Alavés,1232.76
2021/2022,Villarreal,1522.02
2021/2022,Numancia,979.12
2021/2022,RC Recreativo,995.07
2021/2022,Getafe,1357.51
2021/2022,Levante,1354.59
2021/2022,Gimnàstic de Tarragona,975.87
2021/2022,Almería,1110.2
2021/2022,Xerez CD,1114.14
2021/2022,Granada,1301.17
2021/2022,Eibar,1251.37
2021/2022,Córdoba,1023.36
2021/2022,Leganés,1335.6
2021/2022,Girona,1257.06
2021/2022,Huesca,1299.04
2022/2023,Sporting,1156.84
2022/2023,Athletic,1373.46
2022/2023,Valencia,1353.39
2022/2023,Espanyol,1289.56
2022/2023,Cádiz CF,1332.87
2022/2023,Las Palmas,1056.49
2022/2023,Zaragoza,1059.28
2022/2023,Sevilla,1423.27
2022/2023,Osasuna,1375.78
2022/2023,Atlético,1617.47
2022/2023,Betis,1446.89
2022/2023,CE Sabadell,578.42
2022/2023,Real Sociedad,1533.54
2022/2023,Real Madrid,1579.86
2022/2023,Real Murcia,888.98
2022/2023,Valladolid,1274.43
2022/2023,Barcelona,1626.71
2022/2023,Celta,1340.22
2022/2023,CD Logroñés,645.9
2022/2023,Mallorca,1354.93
2022/2023,Real Oviedo,907.85
2022/2023,Málaga,1112.46
2022/2023,Elche,1274.77
2022/2023,CD Castellón,605.32
2022/2023,Rayo,1283.27
2022/2023,Tenerife,1003.42
2022/2023,Real Burgos,629.99
2022/2023,Deportivo,1150.84
2022/2023,Albacete,901.36
2022/2023,Real Racing,966.52
2022/2023,UE Lleida,747.63
2022/2023,SD Compostela,918.16
2022/2023,CP Mérida,819.72
2022/2023,UD Salamanca,757.16
2022/2023,Hércules CF,955.2
2022/2023,CF Extremadura,869.92
2022/2023,Alavés,1207.76
2022/2023,Villarreal,1517.46
2022/2023,Numancia,954.12
2022/2023,RC Recreativo,970.07
2022/2023,Getafe,1344.36
2022/2023,Levante,1329.59
2022/2023,Gimnàstic de Tarragona,950.87
2022/2023,Almería,1278.38
2022/2023,Xerez CD,1089.14
2022/2023,Granada,1276.17
2022/2023,Eibar,1226.37
2022/2023,Córdoba,998.36
2022/2023,Leganés,1310.6
2022/2023,Girona,1385.83
2022/2023,Huesca,1274.04
2023/2024,Sporting,1131.84
2023/2024,Athletic,1480.31
2023/2024,Valencia,1340.72
2023/2024,Espanyol,1264.56
2023/2024,Cádiz CF,1237.27
2023/2024,Las Palmas,1218.96
2023/2024,Zaragoza,1034.28
2023/2024,Sevilla,1347.32
2023/2024,Osasuna,1337.81
2023/2024,Atlético,1528.85
2023/2024,Betis,1425.32
2023/2024,CE Sabadell,553.42
2023/2024,Real Sociedad,1454.11
2023/2024,Real Madrid,1707.87
2023/2024,Real Murcia,863.98
2023/2024,Valladolid,1249.43
2023/2024,Barcelona,1631.06
2023/2024,Celta,1343.89
2023/2024,CD Logroñés,620.9
2023/2024,Mallorca,1325.04
2023/2024,Real Oviedo,882.85
2023/2024,Málaga,1087.46
2023/2024,Elche,1249.77
2023/2024,CD Castellón,580.32
2023/2024,Rayo,1278.67
2023/2024,Tenerife,978.42
2023/2024,Real Burgos,604.99
2023/2024,Deportivo,1125.84
2023/2024,Albacete,876.36
2023/2024,Real Racing,941.52
2023/2024,UE Lleida,722.63
2023/2024,SD Compostela,893.16
2023/2024,CP Mérida,794.72
2023/2024,UD Salamanca,732.16
2023/2024,Hércules CF,930.2
2023/2024,CF Extremadura,844.92
2023/2024,Alavés,1342.58
2023/2024,Villarreal,1468.44
2023/2024,Numancia,929.12
2023/2024,RC Recreativo,945.07
2023/2024,Getafe,1284.85
2023/2024,Levante,1304.59
2023/2024,Gimnàstic de Tarragona,925.87
2023/2024,Almería,1231.32
2023/2024,Xerez CD,1064.14
2023/2024,Granada,1181.27
2023/2024,Eibar,1201.37
2023/2024,Córdoba,973.36
2023/2024,Leganés,1285.6
2023/2024,Girona,1542.45
2023/2024,Huesca,1249.04
2024/2025,Sporting,1106.84
2024/2025,Athletic,1530.04
2024/2025,Valencia,1393.94
2024/2025,Espanyol,1345.44
2024/2025,Cádiz CF,1212.27
2024/2025,Las Palmas,1217.11
2024/2025,Zaragoza,1009.28
2024/2025,Sevilla,1304.91
2024/2025,Osasuna,1415.36
2024/2025,Atlético,1563.66
2024/2025,Betis,1445.95
2024/2025,CE Sabadell,528.42
2024/2025,Real Sociedad,1327.65
2024/2025,Real Madrid,1657.34
2024/2025,Real Murcia,838.98
2024/2025,Valladolid,1075.39
2024/2025,Barcelona,1702.77
2024/2025,Celta,1410.07
2024/2025,CD Logroñés,595.9
2024/2025,Mallorca,1319.33
2024/2025,Real Oviedo,857.85
2024/2025,Málaga,1062.46
2024/2025,Elche,1224.77
2024/2025,CD Castellón,555.32
2024/2025,Rayo,1362.69
2024/2025,Tenerife,953.42
2024/2025,Real Burgos,579.99
2024/2025,Deportivo,1100.84
2024/2025,Albacete,851.36
2024/2025,Real Racing,916.52
2024/2025,UE Lleida,697.63
2024/2025,SD Compostela,868.16
2024/2025,CP Mérida,769.72
2024/2025,UD Salamanca,707.16
2024/2025,Hércules CF,905.2
2024/2025,CF Extremadura,819.92
2024/2025,Alavés,1350.49
2024/2025,Villarreal,1528.44
2024/2025,Numancia,904.12
2024/2025,RC Recreativo,920.07
2024/2025,Getafe,1300.47
2024/2025,Levante,1279.59
2024/2025,Gimnàstic de Tarragona,900.87
2024/2025,Almería,1206.32
2024/2025,Xerez CD,1039.14
2024/2025,Granada,1156.27
2024/2025,Eibar,1176.37
2024/2025,Córdoba,948.36
2024/2025,Leganés,1301.94
2024/2025,Girona,1304.85
2024/2025,Huesca,1224.04
